year,id18,municip_name,population,totalarea,income_med_adj,pct_expense,sent_index,gasoline,diesel,el,hybrid,plugin,total,pct_elcar,zone
2012,municip0101,Halden,29543,642,589,0.8675876010781671,843,9343,5189,11,103,0,14646,0.07510583094360235,above60
2012,municip0104,Moss,30723,64,588,4.5824479813975865,932,8486,4715,24,112,0,13337,0.17995051360875758,30to60
2012,municip0105,Sarpsborg,53333,406,588,1.2740198493700288,887,16706,9323,19,140,2,26190,0.07254677357770141,above60
2012,municip0106,Fredrikstad,75583,288,614,1.5514972030273115,884,22681,12149,36,323,7,35196,0.10228435049437436,above60
2012,municip0111,Hvaler,4206,90,709,4.180985108820161,725,1228,808,2,31,0,2069,0.09666505558240696,above60
2012,municip0118,Aremark,1423,319,668,0,660,427,328,0,4,0,759,0,above60
2012,municip0119,Marker,3518,413,593,3.355470115344285,742,1202,781,0,6,0,1989,0,above60
2012,municip0121,Rømskog,688,183,648,0,667,240,168,0,2,0,410,0,above60
2012,municip0122,Trøgstad,5219,204,626,4.929745177423196,799,1676,1108,1,15,0,2800,0.03571428571428571,above60
2012,municip0123,Spydeberg,5348,142,680,4.561569368943513,865,1654,1163,5,20,0,2842,0.17593244194229415,30to60
2012,municip0124,Askim,15096,69,618,7.712189428047357,893,4639,2696,14,60,0,7409,0.18895937373464705,30to60
2012,municip0125,Eidsberg,11049,236,578,5.387395527445222,853,3854,2189,3,28,1,6075,0.04938271604938271,above60
2012,municip0127,Skiptvet,3631,101,660,3.1560283687943262,789,1129,715,2,3,0,1849,0.10816657652785289,above60
2012,municip0128,Rakkestad,7698,435,627,1.3426075703655775,794,2419,1627,3,19,0,4068,0.07374631268436578,above60
2012,municip0135,Råde,6987,119,713,2.746077032810271,838,2150,1497,2,24,0,3673,0.054451402123604685,30to60
2012,municip0136,Rygge,14691,74,697,4.383702939659618,890,4699,2881,11,57,1,7649,0.14380964832004184,30to60
2012,municip0137,Våler,4705,257,747,2.9951430113329733,822,1460,1071,3,21,0,2555,0.11741682974559686,30to60
2012,municip0138,Hobøl,4911,140,704,5.205688166582021,845,1543,1037,10,16,1,2607,0.3835826620636747,30to60
2012,municip0211,Vestby,15143,134,787,5.115722948159536,880,4374,2946,33,65,1,7419,0.4448038819247877,30to60
2012,municip0213,Ski,28970,166,817,4.7918058338900025,914,8674,5534,69,161,2,14440,0.4778393351800554,below30
2012,municip0214,Ås,17284,103,715,3.9510132672401226,899,4057,2563,70,54,1,6745,1.0378057820607858,30to60
2012,municip0215,Frogn,15154,86,799,4.740048401902696,906,4261,2819,118,65,0,7263,1.6246730001376841,30to60
2012,municip0216,Nesodden,17809,61,785,2.772938443670151,855,4452,2574,24,46,0,7096,0.3382187147688839,30to60
2012,municip0217,Oppegård,25520,37,870,4.194149337898394,929,7274,10320,118,166,0,17878,0.6600290860275199,below30
2012,municip0219,Bærum,114489,192,848,2.546599863254761,971,37297,38915,633,888,12,77745,0.8142002701138337,below30
2012,municip0220,Asker,56447,101,872,3.0058250659870756,936,16237,10483,992,296,0,28008,3.541845187089403,below30
2012,municip0221,Aurskog-Høland,14905,962,645,2.315508912210561,799,4800,3475,16,34,0,8325,0.1921921921921922,30to60
2012,municip0226,Sørum,16091,207,813,5.014964005500283,869,4971,3334,9,54,4,8372,0.10750119445771619,30to60
2012,municip0227,Fet,10626,176,814,4.181600955794504,880,3129,2115,18,34,1,5297,0.3398149896167642,below30
2012,municip0228,Rælingen,16170,72,767,5.001953888237593,942,4778,2792,20,63,0,7653,0.2613354240167255,below30
2012,municip0229,Enebakk,10487,233,788,6.240731586752348,817,3232,1981,17,35,1,5266,0.3228256741359666,30to60
2012,municip0230,Lørenskog,33709,71,754,4.096952494771437,976,9346,6062,83,157,0,15648,0.5304192229038854,below30
2012,municip0231,Skedsmo,49698,77,716,4.415307752783343,973,14251,8930,78,244,25,23528,0.3315198911934716,below30
2012,municip0233,Nittedal,21454,186,845,4.799855098714001,885,6531,4314,64,94,0,11003,0.5816595473961647,below30
2012,municip0234,Gjerdrum,6152,83,851,5.610422357638159,887,1728,1373,13,21,0,3135,0.41467304625199364,below30
2012,municip0235,Ullensaker,31044,252,725,4.545074077174186,909,9163,6601,18,101,2,15885,0.11331444759206799,30to60
2012,municip0236,Nes,19462,637,725,6.836063459306075,817,6751,4341,21,49,0,11162,0.18813832646479126,30to60
2012,municip0237,Eidsvoll,21621,457,683,7.300509337860781,847,7278,4695,12,78,0,12063,0.09947774185525989,30to60
2012,municip0238,Nannestad,11362,341,726,3.143307796304642,833,3465,2447,8,26,1,5947,0.13452160753321002,30to60
2012,municip0239,Hurdal,2657,285,613,4.753028890959926,730,865,622,0,5,0,1492,0,above60
2012,municip0301,Oslo,613285,454,597,2.212973985868818,1000,135726,114080,1547,2885,22,254260,0.6084323133800047,city
2012,municip0402,Kongsvinger,17522,1036,563,1.463822668339607,799,5568,4029,0,42,1,9640,0,above60
2012,municip0403,Hamar,29045,351,603,0.7443649897545268,876,9319,6770,30,152,5,16276,0.18432047186040795,above60
2012,municip0412,Ringsaker,33191,1280,622,0.5675411561301962,786,11228,7501,5,37,0,18771,0.026636833413243834,above60
2012,municip0415,Løten,7477,369,620,0.9068425391591096,792,2697,1641,1,17,0,4356,0.02295684113865932,above60
2012,municip0417,Stange,19190,724,629,1.4522687665397276,814,6656,4166,1,57,2,10882,0.009189487226612754,above60
2012,municip0418,Nord-Odal,5141,508,575,2.5579727468324167,718,1816,1131,0,6,0,2953,0,above60
2012,municip0419,Sør-Odal,7859,517,629,4.108733010467114,779,2599,1875,1,14,0,4489,0.022276676319893073,above60
2012,municip0420,Eidskog,6288,640,522,0.7401636151149201,698,2159,1426,0,8,0,3593,0,above60
2012,municip0423,Grue,5003,837,530,0.5051719990377677,668,1686,1214,0,6,0,2906,0,above60
2012,municip0425,Åsnes,7606,1041,528,0.6877149109096593,669,2750,1947,0,7,0,4704,0,above60
2012,municip0426,Våler,3844,705,561,0.5911636589919104,669,1413,885,2,4,0,2304,0.08680555555555555,above60
2012,municip0427,Elverum,20152,1229,615,0.625229863920559,762,6214,4243,1,37,3,10498,0.009525623928367309,above60
2012,municip0428,Trysil,6752,3014,524,0.6413682522715125,609,2186,1425,1,1,0,3613,0.027677830058123444,above60
2012,municip0429,Åmot,4337,1340,553,0.71571714858288,627,1467,975,0,3,0,2445,0,above60
2012,municip0430,Stor-Elvdal,2678,2166,492,0,552,762,498,0,1,0,1261,0,above60
2012,municip0432,Rendalen,1959,3180,516,0,491,652,463,0,1,0,1116,0,above60
2012,municip0434,Engerdal,1390,2197,540,0,438,447,369,0,0,0,816,0,above60
2012,municip0436,Tolga,1681,1123,582,0,559,466,369,0,2,0,837,0,above60
2012,municip0437,Tynset,5564,1881,627,0.4550625711035267,660,1621,1276,0,3,0,2900,0,above60
2012,municip0438,Alvdal,2431,942,618,0,584,645,644,1,2,0,1292,0.07739938080495357,above60
2012,municip0439,Folldal,1641,1277,595,0,518,498,434,0,1,0,933,0,above60
2012,municip0441,Os,2040,1040,643,0,578,678,479,1,2,0,1160,0.08620689655172414,above60
2012,municip0501,Lillehammer,26765,478,621,0.8638911864718316,823,7701,5245,5,46,1,12998,0.03846745653177412,above60
2012,municip0502,Gjøvik,29202,672,589,1.1350210970464134,803,9307,6087,10,55,1,15460,0.0646830530401035,above60
2012,municip0511,Dovre,2742,1364,580,0,580,796,637,0,3,0,1436,0,above60
2012,municip0512,Lesja,2195,2259,604,0,542,577,583,0,0,0,1160,0,above60
2012,municip0513,Skjåk,2307,2076,597,0,562,792,597,0,2,0,1391,0,above60
2012,municip0514,Lom,2382,1969,605,0,572,742,671,0,0,0,1413,0,above60
2012,municip0515,Vågå,3739,1330,584,0,623,1093,958,0,1,0,2052,0,above60
2012,municip0516,Nord-Fron,5830,1142,597,0.7556675062972292,652,1887,1447,1,9,0,3344,0.029904306220095694,above60
2012,municip0517,Sel,5992,905,573,0.4458856911228212,637,1880,1488,0,2,0,3370,0,above60
2012,municip0519,Sør-Fron,3208,742,555,0.5778120184899846,620,995,795,2,1,0,1793,0.11154489682097044,above60
2012,municip0520,Ringebu,4561,1248,585,0.6686279753944905,658,1534,1053,1,2,0,2590,0.03861003861003861,above60
2012,municip0521,Øyer,5095,640,611,0.503235082674335,699,1595,1247,0,8,0,2850,0,above60
2012,municip0522,Gausdal,6160,1191,619,8.733186107207388,686,1977,1615,0,10,1,3603,0,above60
2012,municip0528,Østre-Toten,14747,563,607,0.7879893828798938,731,5378,3433,3,19,0,8833,0.03396354579418091,above60
2012,municip0529,Vestre-Toten,12928,250,611,2.1708083404741503,769,4814,2786,0,20,0,7620,0,above60
2012,municip0532,Jevnaker,6483,226,641,1.6272762495156916,778,2130,1549,2,20,0,3701,0.054039448797622264,above60
2012,municip0533,Lunner,8776,292,738,4.633204633204633,785,2920,1794,7,25,0,4746,0.14749262536873156,30to60
2012,municip0534,Gran,13493,757,631,2.7191446216241126,784,4385,2892,3,22,0,7302,0.041084634346754315,above60
2012,municip0536,Søndre-Land,5761,728,553,0.7207971168115328,676,1948,1052,1,5,0,3006,0.0332667997338656,above60
2012,municip0538,Nordre-Land,6768,955,556,0.6698044895003621,683,2437,1462,0,9,0,3908,0,above60
2012,municip0540,Sør-Aurdal,3154,1109,551,0,579,1015,783,0,5,0,1803,0,above60
2012,municip0541,Etnedal,1408,459,449,0,587,480,291,0,2,0,773,0,above60
2012,municip0542,Nord-Aurdal,6428,907,582,0.38080731150038083,672,2059,1552,2,21,3,3637,0.054990376684080286,above60
2012,municip0543,Vestre-Slidre,2232,463,570,0,598,687,550,0,2,0,1239,0,above60
2012,municip0544,Øystre-Slidre,3174,963,612,0.4624277456647399,601,1100,773,0,7,0,1880,0,above60
2012,municip0545,Vang,1617,1505,577,0.8094186902133922,522,530,383,0,5,0,918,0,above60
2012,municip0602,Drammen,64597,138,611,2.0233314209217825,933,20816,14593,121,3932,43,39505,0.30629034299455765,30to60
2012,municip0604,Kongsberg,25479,793,735,0.5245009955805935,850,7739,5701,19,75,1,13535,0.14037680088659032,above60
2012,municip0605,Ringerike,29236,1555,603,1.255003335557038,815,9173,6954,29,109,2,16267,0.1782750353476363,above60
2012,municip0612,Hole,6322,193,761,2.674007078254031,800,1656,1347,11,19,0,3033,0.36267721727662383,30to60
2012,municip0615,Flå,1034,704,548,0,563,298,276,0,1,0,575,0,above60
2012,municip0616,Nes,3452,810,566,0,660,1005,841,0,2,0,1848,0,above60
2012,municip0617,Gol,4581,532,595,0,697,1289,1139,2,7,0,2437,0.08206811653672548,above60
2012,municip0618,Hemsedal,2228,754,611,0,629,542,573,0,0,0,1115,0,above60
2012,municip0619,Ål,4741,1175,614,0.5005268703898841,662,1294,1104,0,3,0,2401,0,above60
2012,municip0620,Hol,4457,1855,603,0.40268456375838924,640,1211,985,2,9,0,2207,0.09062075215224287,above60
2012,municip0621,Sigdal,3535,842,633,0,662,1069,977,0,7,1,2054,0,above60
2012,municip0622,Krødsherad,2186,375,599,0,622,610,597,2,4,0,1213,0.16488046166529266,above60
2012,municip0623,Modum,13116,517,621,0.6859612854726556,812,4248,2885,3,25,0,7161,0.04189359028068706,above60
2012,municip0624,Øvre-Eiker,17421,457,668,0.864740217626288,856,5738,3649,5,48,0,9440,0.05296610169491525,30to60
2012,municip0625,Nedre-Eiker,23262,122,703,1.4255167498218104,897,7409,4090,21,97,1,11618,0.18075400241005338,30to60
2012,municip0626,Lier,24177,302,768,2.714719112877916,896,7251,5050,131,128,2,12562,1.0428275752268747,30to60
2012,municip0627,Røyken,19594,113,820,3.666336960105506,883,5974,3715,83,90,0,9862,0.8416142770229162,30to60
2012,municip0628,Hurum,9185,163,720,4.29190360140807,810,2819,1943,26,26,0,4814,0.540091400083091,30to60
2012,municip0631,Flesberg,2638,562,724,0,703,707,645,0,3,0,1355,0,above60
2012,municip0632,Rollag,1383,449,623,0,588,351,346,0,1,0,698,0,above60
2012,municip0633,Nore-og-Uvdal,2540,2502,586,0.723589001447178,537,709,663,0,3,0,1375,0,above60
2012,municip0701,Horten,26307,70,614,3.1746031746031744,889,8260,4231,26,112,1,12630,0.2058590657165479,above60
2012,municip0704,Tønsberg,40677,107,613,2.952141363319492,891,13464,6947,54,148,5,20618,0.26190707149093023,above60
2012,municip0710,Sandefjord,60776,425,628,2.247329498767461,870,19443,9612,24,231,4,29314,0.08187214300334311,above60
2012,municip0711,Svelvik,6581,58,687,2.4367208160181337,761,2080,1210,2,19,0,3311,0.06040471156750227,30to60
2012,municip0712,Larvik,45360,812,618,2.379064234734338,850,13944,8242,29,163,2,22380,0.12957998212689903,above60
2012,municip0713,Sande,8680,178,734,3.372928581903505,851,2720,1764,11,33,0,4528,0.24293286219081273,30to60
2012,municip0715,Holmestrand,13299,249,651,6.016305875737982,842,4370,2614,9,60,0,7053,0.12760527435133986,above60
2012,municip0716,Re,8936,225,695,3.5724575050417746,821,2939,1641,2,19,0,4601,0.04346881112801565,above60
2012,municip0729,Færder,25808,100,690,3.535548686244204,843,8660,4522,34,94,1,13311,0.2554278416347382,above60
2012,municip0805,Porsgrunn,35219,165,627,1.1718203442003639,860,10931,6442,11,100,1,17485,0.06291106662853875,above60
2012,municip0806,Skien,52509,779,613,0.6835383159886471,846,16426,9828,21,91,0,26366,0.07964803155579155,above60
2012,municip0807,Notodden,12469,919,582,0.39401103230890466,762,3211,3189,2,22,0,6424,0.031133250311332503,above60
2012,municip0811,Siljan,2432,214,764,0.625,666,745,565,1,3,0,1314,0.076103500761035,above60
2012,municip0814,Bamble,14106,304,717,0.8815232722143864,775,4358,2889,3,28,0,7278,0.041220115416323165,above60
2012,municip0815,Kragerø,10710,305,574,1.4818192180553973,741,2801,1979,1,18,0,4799,0.02083767451552407,above60
2012,municip0817,Drangedal,4126,1063,589,1.1459589867310012,633,1371,791,0,2,0,2164,0,above60
2012,municip0819,Nome,6579,430,580,0.40337367070040336,713,2122,1527,1,11,0,3661,0.027314941272876262,above60
2012,municip0821,Bø,5766,263,548,0.36216446527481894,747,1638,1298,3,13,0,2952,0.1016260162601626,above60
2012,municip0822,Sauherad,4314,321,628,0,709,1028,960,1,6,0,1995,0.05012531328320802,above60
2012,municip0826,Tinn,5982,2045,586,0.6882591093117408,599,1525,1337,2,6,0,2870,0.06968641114982578,above60
2012,municip0827,Hjartdal,1602,791,635,0,589,389,453,0,2,1,845,0,above60
2012,municip0828,Seljord,2959,715,614,0,638,843,732,0,15,0,1590,0,above60
2012,municip0829,Kviteseid,2498,708,615,0,608,787,657,0,4,0,1448,0,above60
2012,municip0830,Nissedal,1430,905,659,0,538,389,354,0,1,0,744,0,above60
2012,municip0831,Fyresdal,1335,1281,610,0,466,415,320,0,2,0,737,0,above60
2012,municip0833,Tokke,2287,984,625,0,544,570,574,0,3,0,1147,0,above60
2012,municip0834,Vinje,3700,3106,643,0.4300363876943434,553,950,1021,0,3,0,1974,0,above60
2012,municip0901,Risør,6899,193,580,1.375,704,1945,1368,4,9,2,3328,0.1201923076923077,above60
2012,municip0904,Grimstad,21301,304,663,3.0475392168602564,812,5823,4608,34,47,2,10514,0.323378352672627,above60
2012,municip0906,Arendal,42801,270,633,1.2760378732702111,803,12398,8880,26,100,6,21410,0.12143858010275572,above60
2012,municip0911,Gjerstad,2478,322,601,3.227433182047403,661,734,610,0,3,0,1347,0,above60
2012,municip0912,Vegårshei,1933,356,664,0,583,586,400,0,5,0,991,0,above60
2012,municip0914,Tvedestrand,6019,218,606,1.0480887792848335,711,1891,1249,1,8,0,3149,0.031756113051762465,above60
2012,municip0919,Froland,5257,645,687,1.2119713084343309,701,1621,1250,4,7,0,2882,0.13879250520471895,above60
2012,municip0926,Lillesand,9878,190,754,5.753070458952812,787,2477,2217,17,17,0,4728,0.3595600676818951,above60
2012,municip0928,Birkenes,4828,674,695,3.209277238403452,711,1077,1020,7,7,0,2111,0.33159639981051636,above60
2012,municip0929,Åmli,1825,1131,581,0,574,667,507,0,2,0,1176,0,above60
2012,municip0935,Iveland,1298,262,694,0,634,478,304,0,1,0,783,0,above60
2012,municip0937,Evje-og-Hornnes,3496,550,622,1.094890510948905,691,1001,747,0,9,0,1757,0,above60
2012,municip0938,Bygland,1219,1312,597,1.593625498007968,564,427,288,0,1,0,716,0,above60
2012,municip0940,Valle,1293,1265,610,1.8095238095238095,485,381,309,0,1,0,691,0,above60
2012,municip0941,Bykle,970,1467,695,1.556420233463035,472,248,199,0,2,0,449,0,above60
2012,municip1001,Kristiansand,83243,276,641,1.5031454149528187,857,19681,14920,175,192,3,34971,0.5004146292642475,above60
2012,municip1002,Mandal,15149,222,640,1.1381839642525926,783,3814,3195,12,16,0,7037,0.17052721330112264,above60
2012,municip1003,Farsund,9433,262,679,4.078325455773126,695,3049,1986,1,40,2,5078,0.019692792437967704,above60
2012,municip1004,Flekkefjord,9046,543,694,1.7102335928809789,690,2537,1766,2,27,2,4334,0.046146746654360866,above60
2012,municip1014,Vennesla,13583,384,670,2.2562833206397563,765,4020,2728,3,16,0,6767,0.04433279148810403,above60
2012,municip1017,Songdalen,6165,216,683,2.386934673366834,764,1755,1268,6,11,0,3040,0.19736842105263158,above60
2012,municip1018,Søgne,10855,151,740,2.2302591922845085,785,2753,2248,14,24,0,5039,0.27783290335384003,above60
2012,municip1021,Marnardal,2286,395,666,1.6421291053227633,647,639,562,1,3,0,1205,0.08298755186721991,above60
2012,municip1026,Åseral,912,888,620,0,549,231,269,0,0,0,500,0,above60
2012,municip1027,Audnedal,1689,251,750,0,613,472,450,0,2,0,924,0,above60
2012,municip1029,Lindesnes,4753,316,616,1.0772959870724481,686,1343,1103,1,5,0,2452,0.040783034257748776,above60
2012,municip1032,Lyngdal,7895,391,660,3.2075785275054014,713,2120,1921,1,6,0,4048,0.024703557312252964,above60
2012,municip1034,Hægebostad,1665,461,728,0,600,503,455,0,1,0,959,0,above60
2012,municip1037,Kvinesdal,5834,963,646,1.3819909306845173,657,1817,1340,1,5,0,3163,0.03161555485298767,above60
2012,municip1046,Sirdal,1816,1555,742,1.4736842105263157,602,487,478,0,3,0,968,0,above60
2012,municip1101,Eigersund,14475,432,733,0.6240660982684363,753,3883,2871,6,64,4,6828,0.08787346221441125,above60
2012,municip1102,Sandnes,67814,305,813,1.928899213587981,887,20159,12921,105,300,5,33490,0.3135264257987459,below30
2012,municip1103,Stavanger,127506,71,767,0.8616157485834453,908,35046,22300,207,727,17,58297,0.3550783059162564,city
2012,municip1106,Haugesund,35099,73,625,1.5945651026083283,831,9860,6198,31,85,2,16176,0.19164193867457963,above60
2012,municip1111,Sokndal,3257,295,708,0,664,871,654,2,5,0,1532,0.13054830287206268,above60
2012,municip1112,Lund,3183,408,693,0.4832863471606927,637,781,672,0,4,0,1457,0,above60
2012,municip1114,Bjerkreim,2739,651,877,1.6990291262135921,697,746,672,2,5,1,1426,0.1402524544179523,30to60
2012,municip1119,Hå,17244,258,773,1.894576012223071,786,4528,3839,14,32,0,8413,0.16640912872934743,30to60
2012,municip1120,Klepp,17746,114,833,2.6549332537847716,854,5365,3529,17,41,1,8953,0.18988048698760193,below30
2012,municip1121,Time,16769,184,829,2.5849277625927374,843,5289,3721,19,49,3,9081,0.2092280585838564,30to60
2012,municip1122,Gjesdal,10778,618,884,5.011108368304122,807,3081,2211,20,27,0,5339,0.3746019853905226,30to60
2012,municip1124,Sola,23877,69,899,1.2787584020984752,872,6991,4643,48,92,1,11775,0.40764331210191085,below30
2012,municip1127,Randaberg,10265,25,906,2.6716093570241597,877,2857,1887,34,42,0,4820,0.7053941908713693,below30
2012,municip1129,Forsand,1190,780,833,7.28476821192053,651,350,234,1,1,0,586,0.17064846416382254,above60
2012,municip1130,Strand,11533,218,792,5.5020944186573075,722,3002,2241,39,18,0,5300,0.7358490566037735,above60
2012,municip1133,Hjelmeland,2807,1089,735,2.487333026255182,540,676,578,3,14,0,1271,0.23603461841070023,above60
2012,municip1134,Suldal,3845,1737,666,2.369980250164582,528,925,820,0,8,0,1753,0,above60
2012,municip1135,Sauda,4754,546,625,1.1168831168831168,632,1346,866,1,5,0,2218,0.04508566275924256,above60
2012,municip1141,Finnøy,2955,104,753,4.865556978233035,632,756,512,57,9,0,1334,4.272863568215892,30to60
2012,municip1142,Rennesøy,4388,65,921,7.701786814540974,730,1138,1010,11,14,0,2173,0.5062126092959043,below30
2012,municip1144,Kvitsøy,519,6,723,12.709832134292565,507,153,54,1,1,0,209,0.4784688995215311,above60
2012,municip1145,Bokn,851,47,668,3.8518518518518516,626,234,153,0,3,0,390,0,above60
2012,municip1146,Tysvær,10320,426,820,2.0747422680412373,723,2856,2302,11,19,0,5188,0.21202775636083268,above60
2012,municip1149,Karmøy,40536,230,726,2.5574959442694913,764,12846,7179,37,119,2,20183,0.18332259822622998,above60
2012,municip1151,Utsira,218,6,832,0,315,53,23,1,0,0,77,1.2987012987012987,above60
2012,municip1160,Vindafjord,8447,620,727,2.051901025950513,658,2204,2192,2,10,0,4408,0.045372050816696916,above60
2012,municip1201,Bergen,263762,465,644,1.4086745186016079,902,63464,42000,584,1190,18,107256,0.5444916834489446,city
2012,municip1211,Etne,3963,735,726,1.971383147853736,613,986,1011,0,5,0,2002,0,above60
2012,municip1216,Sveio,5228,246,748,4.394240317775571,679,1364,1196,5,8,0,2573,0.194325689856199,above60
2012,municip1219,Bømlo,11503,246,757,4.589645037304996,645,3141,2209,48,21,0,5419,0.8857722827089869,above60
2012,municip1221,Stord,17957,144,742,2.023681377825619,734,4327,3493,34,27,0,7881,0.43141733282578354,above60
2012,municip1222,Fitjar,2944,142,792,1.593625498007968,593,771,565,6,5,0,1347,0.44543429844098,above60
2012,municip1223,Tysnes,2766,255,610,5.4090299508270006,572,781,520,4,5,0,1310,0.3053435114503817,above60
2012,municip1224,Kvinnherad,13318,1128,682,3.901970206631427,593,3624,2531,36,19,0,6210,0.5797101449275363,above60
2012,municip1227,Jondal,1050,210,612,4.6893317702227435,484,280,251,2,2,0,535,0.37383177570093457,above60
2012,municip1228,Odda,6946,1616,616,0.7478260869565218,659,1709,1603,1,6,1,3320,0.030120481927710843,above60
2012,municip1231,Ullensvang,3417,1399,691,2.203757225433526,532,834,820,0,4,0,1658,0,above60
2012,municip1232,Eidfjord,957,1492,691,0,547,213,224,0,1,0,438,0,above60
2012,municip1233,Ulvik,1112,721,613,6.133625410733845,552,297,239,0,2,0,538,0,above60
2012,municip1234,Granvin,923,213,610,7.682119205298013,591,266,190,3,0,0,459,0.6535947712418301,above60
2012,municip1235,Voss,13978,1806,678,1.3266850681150388,737,3713,2965,11,11,0,6700,0.16417910447761194,above60
2012,municip1238,Kvam,8522,617,680,2.1575441644946425,677,2257,1832,4,21,2,4116,0.09718172983479106,above60
2012,municip1241,Fusa,3811,378,772,4.432505036937542,618,1020,902,7,12,1,1942,0.3604531410916581,above60
2012,municip1242,Samnanger,2417,269,739,3.1887088342916883,690,724,558,0,6,0,1288,0,30to60
2012,municip1243,Os,17726,140,795,2.5142350070250683,788,5124,3508,41,70,2,8745,0.4688393367638651,30to60
2012,municip1244,Austevoll,4792,117,830,2.5882987328120786,595,1162,848,18,24,1,2053,0.8767657087189479,above60
2012,municip1245,Sund,6409,100,818,2.0048602673147022,694,1795,1416,10,26,1,3248,0.3078817733990148,30to60
2012,municip1246,Fjell,22720,148,866,2.444887429643527,814,6376,4615,41,136,0,11168,0.36712034383954156,below30
2012,municip1247,Askøy,26210,101,838,3.5841382816471783,814,6867,5081,44,96,1,12089,0.36396724294813465,below30
2012,municip1251,Vaksdal,4138,716,619,1.9125683060109289,650,1060,825,5,4,0,1894,0.26399155227032733,30to60
2012,municip1252,Modalen,370,412,685,0,527,90,82,0,0,0,172,0,above60
2012,municip1253,Osterøy,7521,255,717,10.554044867437117,712,2033,1605,28,15,0,3681,0.7606628633523499,30to60
2012,municip1256,Meland,7036,93,806,2.758881330309902,768,1837,1472,17,26,0,3352,0.5071599045346062,30to60
2012,municip1259,Øygarden,4419,67,752,1.4907921660333237,695,1180,891,0,28,1,2100,0,30to60
2012,municip1260,Radøy,4952,112,717,1.1224489795918366,677,1434,1127,2,11,0,2574,0.0777000777000777,30to60
2012,municip1263,Lindås,14668,476,786,1.9042581327691086,742,3846,3379,19,47,0,7291,0.26059525442326154,30to60
2012,municip1264,Austrheim,2776,57,741,1.592920353982301,660,700,739,1,7,0,1447,0.0691085003455425,above60
2012,municip1265,Fedje,576,9,641,5.986696230598669,431,138,78,0,0,0,216,0,above60
2012,municip1266,Masfjorden,1683,556,760,5.062362435803375,544,491,392,0,3,0,886,0,above60
2012,municip1401,Flora,11654,692,716,0.6267179769103903,706,2795,2038,1,19,1,4854,0.020601565718994644,above60
2012,municip1411,Gulen,2310,597,638,3.3421750663129974,478,603,475,1,1,0,1080,0.09259259259259259,above60
2012,municip1412,Solund,851,228,620,1.5384615384615385,368,187,125,0,1,0,313,0,above60
2012,municip1413,Hyllestad,1461,259,615,2.443133951137321,505,376,347,1,5,1,730,0.136986301369863,above60
2012,municip1416,Høyanger,4216,908,646,1.3325436778205508,565,1083,935,0,4,1,2023,0,above60
2012,municip1417,Vik,2748,833,640,1.9282511210762332,536,680,633,0,3,0,1316,0,above60
2012,municip1418,Balestrand,1338,430,613,4.025617566331198,547,327,289,0,3,0,619,0,above60
2012,municip1419,Leikanger,2236,180,795,6.335616438356165,617,540,588,1,2,0,1131,0.08841732979664015,above60
2012,municip1420,Sogndal,7348,746,636,4.613824573263478,695,1769,1737,6,21,0,3533,0.16982734220209453,above60
2012,municip1421,Aurland,1712,1468,631,0,543,404,414,0,2,0,820,0,above60
2012,municip1422,Lærdal,2205,1342,723,1.5117581187010078,563,550,586,0,4,0,1140,0,above60
2012,municip1424,Årdal,5572,977,674,0.8543263964950711,606,1389,1416,0,8,0,2813,0,above60
2012,municip1426,Luster,5026,2706,676,2.8098344204716508,582,1425,1247,1,3,0,2676,0.03736920777279522,above60
2012,municip1428,Askvoll,3010,327,691,3.0093533956893044,524,748,627,0,7,0,1382,0,above60
2012,municip1429,Fjaler,2832,417,569,1.1294526498696786,584,698,650,0,4,0,1352,0,above60
2012,municip1430,Gaular,2848,582,733,0.9782125389061805,608,771,706,0,3,0,1480,0,above60
2012,municip1431,Jølster,3052,671,693,0.5847953216374269,576,808,729,1,3,0,1541,0.06489292667099286,above60
2012,municip1432,Førde,12307,586,725,0.5153012935114103,752,3299,2886,4,33,2,6224,0.06426735218508997,above60
2012,municip1433,Naustdal,2710,370,769,0,625,803,615,0,4,0,1422,0,above60
2012,municip1438,Bremanger,3891,832,618,2.13953488372093,491,954,730,0,1,1,1686,0,above60
2012,municip1439,Vågsøy,6129,177,668,0.7758268681094325,632,1613,1241,0,21,3,2878,0,above60
2012,municip1441,Selje,2831,226,704,1.1443661971830985,522,814,672,3,2,0,1491,0.2012072434607646,above60
2012,municip1443,Eid,5950,469,709,2.0887166236003445,640,1545,1406,1,4,1,2957,0.033818058843422386,above60
2012,municip1444,Hornindal,1220,192,715,1.3742071881606766,611,359,267,0,4,0,630,0,above60
2012,municip1445,Gloppen,5679,1031,705,1.8056174765938475,637,1577,1258,4,2,0,2841,0.1407954945441746,above60
2012,municip1449,Stryn,7065,1377,653,0.7547169811320755,616,2049,1585,1,21,0,3656,0.02735229759299781,above60
2012,municip1502,Molde,25488,363,672,2.073388302232509,774,7047,5256,14,78,5,12400,0.11290322580645161,above60
2012,municip1504,Ålesund,44416,99,670,1.1434482373004557,827,12290,8561,38,104,1,20994,0.18100409640849766,above60
2012,municip1505,Kristiansund,23813,88,633,1.61139896373057,766,6074,4754,42,66,2,10938,0.3839824465167307,above60
2012,municip1511,Vanylven,3388,385,690,3.595828838547285,551,1017,870,0,5,0,1892,0,above60
2012,municip1514,Sande,2588,93,643,2.4074074074074074,572,711,547,0,8,0,1266,0,above60
2012,municip1515,Herøy,8727,120,761,1.2985139229548406,679,2582,2007,2,21,0,4612,0.04336513443191674,above60
2012,municip1516,Ulstein,7828,97,749,3.4087184529662404,732,2058,1569,7,32,2,3668,0.19083969465648856,above60
2012,municip1517,Hareid,5000,82,694,2.8349222277972905,698,1543,967,0,20,1,2531,0,above60
2012,municip1519,Volda,8693,548,653,3.792215226101889,727,2470,1747,4,22,0,4243,0.09427292010370021,above60
2012,municip1520,Ørsta,10398,805,710,3.6094961240310077,725,3335,2282,2,19,1,5639,0.03546728143287817,above60
2012,municip1523,Ørskog,2202,132,713,0.94972067039106145,700,653,504,0,4,0,1161,0,above60
2012,municip1524,Norddal,1738,944,657,4.102564102564102,546,493,407,0,1,0,901,0,above60
2012,municip1525,Stranda,4602,866,676,1.4365522745411015,629,1272,1014,0,9,0,2295,0,above60
2012,municip1526,Stordal,1026,247,652,0,620,319,200,0,1,0,520,0,above60
2012,municip1528,Sykkylven,7664,338,718,5.861839920292262,692,2346,1464,27,8,0,3845,0.7022106631989596,above60
2012,municip1529,Skodje,4184,120,792,1.055572803477181,722,1175,980,1,8,0,2164,0.04621072088724584,above60
2012,municip1531,Sula,8256,59,735,1.6172083529596484,743,2359,1661,4,8,0,4032,0.0992063492063492,above60
2012,municip1532,Giske,7312,40,786,0.7517451226060498,720,1958,1453,5,16,1,3433,0.14564520827264782,above60
2012,municip1534,Haram,8973,261,713,2.6139222812412637,653,2674,1886,2,16,0,4578,0.043687199650502405,above60
2012,municip1535,Vestnes,6539,352,641,2.2986357690151373,653,1958,1327,0,3,0,3288,0,above60
2012,municip1539,Rauma,7428,1502,665,2.249832102081934,629,2091,1784,3,10,0,3888,0.07716049382716049,above60
2012,municip1543,Nesset,3004,1046,691,1.4291547570436913,557,818,833,0,4,0,1655,0,above60
2012,municip1545,Midsund,1988,95,698,6.94980694980695,573,616,408,0,1,0,1025,0,above60
2012,municip1546,Sandøy,1315,20,730,0,466,327,242,0,4,0,573,0,above60
2012,municip1547,Aukra,3289,59,755,4.142243063696757,623,1153,763,4,14,1,1935,0.20671834625322996,above60
2012,municip1548,Fræna,9484,370,726,6.776043750833667,666,2798,2340,5,16,0,5159,0.09691800736576855,above60
2012,municip1551,Eide,3442,152,693,7.453183520599251,638,992,938,4,2,0,1936,0.2066115702479339,above60
2012,municip1554,Averøy,5593,176,730,7.465707218349449,632,1445,1318,87,9,0,2859,3.04302203567681,above60
2012,municip1557,Gjemnes,2579,382,719,4.37956204379562,595,731,655,1,5,0,1392,0.07183908045977011,above60
2012,municip1560,Tingvoll,3101,337,605,6.758349705304519,584,885,729,5,3,0,1622,0.3082614056720099,above60
2012,municip1563,Sunndal,7196,1713,630,0.7039892725444183,645,2443,1435,6,4,0,3888,0.15432098765432098,above60
2012,municip1566,Surnadal,5952,1365,635,2.784757118927973,615,2051,1324,3,8,0,3386,0.08860011813349085,above60
2012,municip1571,Halsa,1641,301,590,2.816901408450704,510,506,373,2,4,0,885,0.22598870056497175,above60
2012,municip1573,Smøla,2182,282,608,1.5066964285714286,465,608,443,1,1,1,1054,0.09487666034155598,above60
2012,municip1576,Aure,3511,644,607,4.457498272287491,513,977,891,2,6,0,1876,0.10660980810234541,above60
2012,municip1804,Bodø,48422,1392,686,1.001548786783686,801,14209,8815,79,157,3,23263,0.3395950651248764,above60
2012,municip1805,Narvik,18473,2023,605,0.2112490097702667,711,4680,4083,9,19,0,8791,0.10237743146399728,above60
2012,municip1811,Bindal,1562,1264,529,1.4820592823712948,429,335,416,1,1,0,753,0.13280212483399734,above60
2012,municip1812,Sømna,2038,195,608,0,510,590,595,0,2,1,1188,0,above60
2012,municip1813,Brønnøy,7778,1047,635,0.47162140185396,621,1905,1650,1,12,0,3568,0.028026905829596414,above60
2012,municip1815,Vega,1256,163,581,1.5625,413,278,242,0,1,0,521,0,above60
2012,municip1816,Vevelstad,511,539,537,5.5155875299760195,381,134,86,0,1,0,221,0,above60
2012,municip1818,Herøy,1711,65,536,1.7894012388162424,490,488,255,0,2,0,745,0,above60
2012,municip1820,Alstahaug,7372,187,668,0.786874267537251,668,2000,1374,1,10,0,3385,0.029542097488921712,above60
2012,municip1822,Leirfjord,2107,465,634,0.7536231884057971,568,631,449,0,0,0,1080,0,above60
2012,municip1824,Vefsn,13258,1929,623,0.20455602045560203,704,4014,2925,1,16,0,6956,0.01437607820586544,above60
2012,municip1825,Grane,1455,2004,590,0,496,364,408,0,0,0,772,0,above60
2012,municip1826,Hattfjelldal,1456,2684,567,0,456,395,348,0,0,0,743,0,above60
2012,municip1827,Dønna,1433,194,552,4.370629370629371,430,406,271,0,1,0,678,0,above60
2012,municip1828,Nesna,1813,183,500,1.6458196181698486,520,353,374,0,5,0,732,0,above60
2012,municip1832,Hemnes,4585,1589,593,0,575,1260,1090,0,5,0,2355,0,above60
2012,municip1833,Rana,25652,4461,655,0.11711316059142146,714,7085,5887,2,47,0,13021,0.01535980339451655,above60
2012,municip1834,Lurøy,1937,265,578,0.8962868117797695,368,377,279,0,0,0,656,0,above60
2012,municip1835,Træna,497,16,589,0,350,63,57,0,0,0,120,0,above60
2012,municip1836,Rødøy,1320,711,598,2.665350444225074,355,325,221,0,0,0,546,0,above60
2012,municip1837,Meløy,6657,874,665,0.9444654325651681,495,1755,1331,0,8,0,3094,0,above60
2012,municip1838,Gildeskål,2000,662,612,2.155688622754491,485,520,394,0,0,0,914,0,above60
2012,municip1839,Beiarn,1097,1222,546,0,454,399,200,0,0,0,599,0,above60
2012,municip1840,Saltdal,4710,2216,616,0.6069802731411229,606,1669,856,0,3,0,2528,0,above60
2012,municip1841,Fauske,9513,1210,641,1.8963501753474477,681,3063,1994,0,10,0,5067,0,above60
2012,municip1845,Sørfold,2003,1637,612,0.6781750924784217,563,672,394,0,0,0,1066,0,above60
2012,municip1848,Steigen,2609,1008,580,0.560485754320411,427,840,454,0,4,0,1298,0,above60
2012,municip1849,Hamarøy,1783,1030,563,0.7352941176470589,437,502,359,0,3,0,864,0,above60
2012,municip1850,Tysfjord,1956,1464,545,0.7339449541284404,423,488,344,0,1,0,833,0,above60
2012,municip1851,Lødingen,2179,525,575,0,559,526,441,0,7,0,974,0,above60
2012,municip1852,Tjeldsund,1284,318,633,0,510,370,356,0,2,0,728,0,above60
2012,municip1853,Evenes,1359,252,596,0,545,364,352,0,2,0,718,0,above60
2012,municip1854,Ballangen,2616,931,552,0,523,803,552,0,1,0,1356,0,above60
2012,municip1856,Røst,595,10,618,0,387,138,52,0,0,0,190,0,above60
2012,municip1857,Værøy,751,19,591,0,404,190,84,0,1,0,275,0,above60
2012,municip1859,Flakstad,1383,178,601,0,477,324,303,0,1,0,628,0,above60
2012,municip1860,Vestvågøy,10848,423,608,0.20954598370197905,637,2890,2191,1,14,1,5097,0.019619383951343928,above60
2012,municip1865,Vågan,9086,478,598,0.39327366422565774,644,1992,1873,1,14,0,3880,0.02577319587628866,above60
2012,municip1866,Hadsel,7937,566,603,0.6749501457278724,601,2005,1605,0,11,0,3621,0,above60
2012,municip1867,Bø,2720,247,500,0,534,729,582,0,5,0,1316,0,above60
2012,municip1868,Øksnes,4467,319,610,0,568,1144,958,1,3,0,2106,0.04748338081671415,above60
2012,municip1870,Sortland,9983,722,616,0.2792586951002793,683,2510,2351,4,15,0,4880,0.08196721311475409,above60
2012,municip1871,Andøy,5032,656,621,0,536,1320,1131,0,4,0,2455,0,above60
2012,municip1874,Moskenes,1116,119,530,0,462,237,232,0,0,0,469,0,above60
2012,municip1902,Tromsø,69116,2520,646,0.35132198478812027,808,15849,13313,64,285,3,29514,0.21684624246120485,above60
2012,municip1903,Harstad,24095,446,658,0.5025641025641026,744,6557,5036,11,52,1,11657,0.09436390151840096,above60
2012,municip1911,Kvæfjord,3025,513,590,0,593,822,639,0,2,0,1463,0,above60
2012,municip1913,Skånland,2972,495,630,0.44301248489730166,566,784,800,0,2,0,1586,0,above60
2012,municip1917,Ibestad,1410,241,553,1.4014839241549877,453,396,310,0,1,0,707,0,above60
2012,municip1919,Gratangen,1136,313,504,0,501,270,308,0,3,0,581,0,above60
2012,municip1920,Lavangen,1016,302,599,0,516,241,268,0,0,0,509,0,above60
2012,municip1922,Bardu,3875,2704,697,0,600,974,930,0,16,0,1920,0,above60
2012,municip1923,Salangen,2214,458,586,0,572,642,511,0,3,0,1156,0,above60
2012,municip1924,Målselv,6599,3322,678,0.24258257137525657,602,1896,1838,0,5,0,3739,0,above60
2012,municip1925,Sørreisa,3381,363,686,0,621,911,745,1,7,0,1664,0.06009615384615385,above60
2012,municip1926,Dyrøy,1188,288,547,0,505,332,295,0,3,0,630,0,above60
2012,municip1927,Tranøy,1524,524,569,0,514,338,283,0,0,0,621,0,above60
2012,municip1928,Torsken,892,243,516,0,426,204,191,0,0,0,395,0,above60
2012,municip1929,Berg,887,294,592,0,453,258,194,0,1,0,453,0,above60
2012,municip1931,Lenvik,11345,892,635,0.3251850190625701,645,3439,2878,3,27,0,6347,0.047266425082716244,above60
2012,municip1933,Balsfjord,5502,1497,607,0.915791824882734,571,1514,1557,0,7,0,3078,0,above60
2012,municip1936,Karlsøy,2355,1090,562,2.231237322515213,448,549,546,0,5,0,1100,0,above60
2012,municip1938,Lyngen,3028,813,584,1.8585858585858586,481,762,759,0,4,0,1525,0,above60
2012,municip1939,Storfjord,1909,1543,637,0,523,539,503,0,3,0,1045,0,above60
2012,municip1940,Kåfjord,2210,991,536,0,446,610,501,0,1,0,1112,0,above60
2012,municip1941,Skjervøy,2880,473,597,0.8140531276778064,570,603,563,0,3,0,1169,0,above60
2012,municip1942,Nordreisa,4807,3437,598,0,581,1172,1174,2,8,0,2356,0.08488964346349745,above60
2012,municip1943,Kvænangen,1284,2108,540,0,444,310,334,0,1,0,645,0,above60
2012,municip2002,Vardø,2122,600,514,0,529,469,406,0,1,0,876,0,above60
2012,municip2003,Vadsø,6125,1258,649,0.27944111776447106,643,1401,1495,2,30,3,2931,0.06823609689525759,above60
2012,municip2004,Hammerfest,9934,849,658,0.3469640644361834,700,2179,2176,2,14,1,4372,0.04574565416285453,above60
2012,municip2011,Kautokeino,2927,9707,604,0,494,776,660,0,0,0,1436,0,above60
2012,municip2012,Alta,19282,3850,670,0.28206850235057085,721,4972,4410,9,39,0,9430,0.09544008483563096,above60
2012,municip2014,Loppa,1087,687,511,1.5037593984962405,377,209,189,0,1,0,399,0,above60
2012,municip2015,Hasvik,995,556,500,0,368,225,150,0,0,0,375,0,above60
2012,municip2017,Kvalsund,1010,1844,580,0,468,227,283,0,1,0,511,0,above60
2012,municip2018,Måsøy,1243,1134,492,0,415,238,194,0,0,0,432,0,above60
2012,municip2019,Nordkapp,3228,925,582,0.45265937382119953,535,602,529,0,1,0,1132,0,above60
2012,municip2020,Porsanger,3946,4873,618,0,567,1166,938,0,5,0,2109,0,above60
2012,municip2021,Karasjok,2763,5453,628,0,573,562,719,0,4,0,1285,0,above60
2012,municip2022,Lebesby,1356,3458,507,0,440,238,233,0,1,0,472,0,above60
2012,municip2023,Gamvik,1008,1415,489,0,413,225,166,0,1,0,392,0,above60
2012,municip2024,Berlevåg,1015,1120,519,0,441,198,185,0,0,0,383,0,above60
2012,municip2025,Tana,2896,4050,577,0,501,668,819,3,2,0,1492,0.20107238605898123,above60
2012,municip2027,Nesseby,901,1436,539,0,483,230,250,1,0,0,481,0.2079002079002079,above60
2012,municip2028,Båtsfjord,2089,1433,573,0,552,447,408,0,3,0,858,0,above60
2012,municip2030,Sør-Varanger,9860,3967,645,0.17491254372813594,640,2692,2176,1,17,0,4886,0.020466639377814164,above60
2012,municip5001,Trondheim,176348,342,628,1.8934291796070768,898,43076,31514,373,634,15,75612,0.4933079405385389,city
2012,municip5004,Steinkjer,21303,1564,620,0.33290503445859126,736,6064,5106,3,52,2,11227,0.026721296873608264,above60
2012,municip5005,Namsos,12953,778,644,1.0404397330192383,723,3172,2912,3,20,0,6107,0.04912395611593254,above60
2012,municip5011,Hemne,4221,670,652,0.8579881656804734,638,1178,1104,0,2,0,2284,0,above60
2012,municip5012,Snillfjord,981,508,595,1.7543859649122806,559,269,251,1,1,0,522,0.19157088122605365,above60
2012,municip5013,Hitra,4399,686,553,0.89086859688196,562,1155,983,1,1,2,2142,0.04668534080298786,above60
2012,municip5014,Frøya,4369,241,611,0.498200941046222,559,1137,836,0,4,0,1977,0,above60
2012,municip5015,Ørland,5119,74,628,2.6750972762645913,646,1704,1087,13,5,0,2809,0.4627981488074048,above60
2012,municip5016,Agdenes,1715,318,628,3.591549295774648,587,460,464,2,3,0,929,0.21528525296017223,above60
2012,municip5017,Bjugn,4584,384,571,2.4925494445949608,591,1506,976,7,7,0,2496,0.28044871794871795,above60
2012,municip5018,Åfjord,3257,955,616,3.235515425131678,546,943,876,0,6,0,1825,0,above60
2012,municip5019,Roan,987,375,586,2.3894862604540026,433,319,233,0,1,0,553,0,above60
2012,municip5020,Osen,1020,387,591,0,462,274,271,0,2,0,547,0,above60
2012,municip5021,Oppdal,6755,2274,623,0.40672952486596414,668,1715,1640,2,9,0,3366,0.059417706476530004,above60
2012,municip5022,Rennebu,2569,948,605,1.2512030798845044,606,733,710,0,3,0,1446,0,above60
2012,municip5023,Meldal,3924,613,603,2.485058194400755,641,1360,932,3,1,0,2296,0.13066202090592335,above60
2012,municip5024,Orkdal,11429,594,672,4.053156146179402,779,3249,2689,33,22,0,5993,0.5506424161521776,30to60
2012,municip5025,Røros,5604,1956,607,0,669,1768,1161,0,19,1,2949,0,above60
2012,municip5026,Holtålen,2013,1210,630,0.9014423076923077,532,597,516,0,4,0,1117,0,above60
2012,municip5027,Midtre-Gauldal,6153,1861,596,3.307585660526837,662,1723,1560,2,5,0,3290,0.060790273556231005,30to60
2012,municip5028,Melhus,15392,695,724,8.7123745819398,778,4661,3667,29,22,0,8379,0.3461033536221506,below30
2012,municip5029,Skaun,6941,224,787,15.452285331803404,745,2016,1688,35,9,0,3748,0.9338313767342583,below30
2012,municip5030,Klæbu,5930,186,809,3.0063291139240507,793,1652,1362,11,17,0,3042,0.3616042077580539,below30
2012,municip5031,Malvik,12785,169,829,9.344647786524895,813,3542,2852,56,45,0,6495,0.8622016936104696,below30
2012,municip5032,Selbu,4042,1235,658,3.918543659364394,663,1277,994,3,7,0,2281,0.131521262604121,above60
2012,municip5033,Tydal,870,1329,613,1.9310344827586208,504,227,244,0,3,0,474,0,above60
2012,municip5034,Meråker,2513,1273,553,1.304978250362494,629,766,573,1,5,0,1345,0.07434944237918216,above60
2012,municip5035,Stjørdal,22058,938,694,6.653391121002694,799,6595,5141,31,116,2,11885,0.2608329827513673,30to60
2012,municip5036,Frosta,2618,76,618,1.652089407191448,649,725,645,7,4,0,1381,0.5068790731354091,30to60
2012,municip5037,Levanger,18922,645,659,1.3303028277291262,762,5316,4556,12,54,1,9939,0.12073649260488983,above60
2012,municip5038,Verdal,14387,1548,629,0.6713780918727915,750,4272,3677,2,19,0,7970,0.025094102885821833,above60
2012,municip5039,Verran,2705,602,453,0.5466778805719091,585,689,573,0,7,0,1269,0,above60
2012,municip5040,Namdalseid,1694,770,630,0.8791208791208791,575,454,473,0,1,0,928,0,above60
2012,municip5041,Snåase-Snåsa,2164,2343,636,0,546,552,542,1,3,0,1098,0.09107468123861566,above60
2012,municip5042,Lierne,1410,2962,607,0,422,298,435,0,4,0,737,0,above60
2012,municip5043,Røyrvik,494,1585,695,0,419,102,161,0,0,0,263,0,above60
2012,municip5044,Namsskogan,916,1417,570,0,436,207,290,0,0,0,497,0,above60
2012,municip5045,Grong,2409,1136,555,0,581,651,674,0,3,0,1328,0,above60
2012,municip5046,Høylandet,1264,754,698,0,541,292,366,3,1,0,662,0.45317220543806647,above60
2012,municip5047,Overhalla,3679,730,700,1.3439007580978635,638,817,1037,1,5,0,1860,0.053763440860215055,above60
2012,municip5048,Fosnes,668,545,606,6.272401433691757,486,159,175,0,0,0,334,0,above60
2012,municip5049,Flatanger,1141,459,627,0,478,263,261,0,1,0,525,0,above60
2012,municip5050,Vikna,4241,318,667,0.39097744360902253,612,1104,1102,0,2,0,2208,0,above60
2012,municip5051,Nærøy,5069,1067,586,1.1346817957572768,547,1320,1259,0,4,0,2583,0,above60
2012,municip5052,Leka,573,109,560,0,406,144,134,0,0,0,278,0,above60
2012,municip5053,Inderøy,6682,365,707,0.49335863377609107,676,1882,1829,1,7,0,3719,0.026888948642108095,above60
2012,municip5054,Indre-Fosen,10070,1052,651,6.1055493758497095,629,3045,2325,49,23,0,5442,0.900404263138552,above60
2012,municip5061,Rindal,2088,632,666,1.0995723885155773,603,712,480,0,2,0,1194,0,above60
2018,municip0101,Halden,31037,642,591,0.7303880927000671,843,7358,7825,522,316,686,16707,3.1244388579637277,above60
2018,municip0104,Moss,32588,64,600,3.5770825480588013,932,7278,6749,1313,719,981,17040,7.705399061032864,30to60
2018,municip0105,Sarpsborg,55543,406,607,1.1498117267348036,887,14281,14220,1601,1620,1312,33034,4.846521765453775,above60
2018,municip0106,Fredrikstad,80977,293,621,1.276705825065433,884,18327,16599,2111,2171,1614,40822,5.171231198863358,above60
2018,municip0111,Hvaler,4540,90,719,4.087477219474096,725,903,1025,143,114,62,2247,6.3640409434801954,above60
2018,municip0118,Aremark,1399,319,641,0,660,299,473,9,8,9,798,1.1278195488721805,above60
2018,municip0119,Marker,3567,413,597,4.732927653820148,742,960,1121,115,52,12,2260,5.088495575221239,above60
2018,municip0121,Rømskog,682,183,623,0,667,168,219,6,10,4,407,1.4742014742014742,above60
2018,municip0122,Trøgstad,5337,204,622,4.954850659874971,799,1400,1532,105,99,39,3175,3.3070866141732282,above60
2018,municip0123,Spydeberg,5853,142,676,5.0782086993786155,865,1373,1539,150,117,61,3240,4.62962962962963,30to60
2018,municip0124,Askim,15810,69,622,6.7118323617457065,893,3773,3787,539,371,271,8741,6.166342523738702,30to60
2018,municip0125,Eidsberg,11414,236,590,4.35440302539168,853,3281,3407,183,426,272,7569,2.4177566389219183,above60
2018,municip0127,Skiptvet,3831,101,687,4.785643070787637,789,845,1092,70,50,28,2085,3.357314148681055,above60
2018,municip0128,Rakkestad,8202,435,633,1.496372430471584,794,1872,2348,75,107,38,4440,1.6891891891891893,above60
2018,municip0135,Råde,7465,119,719,2.5847876193612116,838,1562,1846,183,73,67,3731,4.904851246314661,30to60
2018,municip0136,Rygge,16083,74,694,3.97678916827853,890,4250,4019,614,823,399,10105,6.0761999010390895,30to60
2018,municip0137,Våler,5471,257,765,3.2037691401649,822,1198,1519,154,99,66,3036,5.072463768115942,30to60
2018,municip0138,Hobøl,5621,140,736,5.044769600349421,845,1245,1445,174,88,41,2993,5.813564984964918,30to60
2018,municip0211,Vestby,17486,134,786,3.790772847487511,880,3383,3685,708,290,189,8255,8.576620230163536,30to60
2018,municip0213,Ski,30880,166,808,3.15131304710296,914,7783,7495,2692,939,1316,20225,13.31025957972806,below30
2018,municip0214,Ås,20084,103,725,2.7206697033115845,899,3304,3216,717,234,186,7657,9.3639806712811815,30to60
2018,municip0215,Frogn,15735,86,766,3.0730636563185953,906,3248,2957,845,264,248,7562,11.174292515207616,30to60
2018,municip0216,Nesodden,19287,61,789,1.8411046627976786,855,3420,3274,497,238,219,7648,6.498430962343096,30to60
2018,municip0217,Oppegård,27178,37,876,2.216783545912364,929,5819,5296,1514,730,453,13812,10.961482768607008,below30
2018,municip0219,Bærum,125454,192,852,1.2657195018715515,971,31784,27156,14276,4600,10018,87834,16.253387071065873,below30
2018,municip0220,Asker,60926,101,872,1.5290008157459893,936,12004,11361,4341,1410,944,30060,14.441117764471057,below30
2018,municip0221,Aurskog-Høland,16390,962,654,2.478023643528342,799,3746,4834,322,175,104,9181,3.507243219692844,30to60
2018,municip0226,Sørum,17980,207,807,3.3120742136541526,869,3764,4371,732,298,172,9337,7.839777230373782,30to60
2018,municip0227,Fet,11663,176,833,3.247176368375326,880,2385,2631,419,216,118,5769,7.262957184954065,below30
2018,municip0228,Rælingen,17874,72,750,2.661624090195519,942,3456,3350,729,343,171,8049,9.057025717480432,below30
2018,municip0229,Enebakk,10945,233,759,4.178305400372439,817,2408,2434,401,195,109,5547,7.229132864611501,30to60
2018,municip0230,Lørenskog,38670,71,734,1.8785101026402427,976,7189,6706,1891,795,471,17052,11.089608257095941,below30
2018,municip0231,Skedsmo,54178,77,715,2.588153952523623,973,12400,11606,3832,1671,1418,30927,12.390467875965985,below30
2018,municip0233,Nittedal,23545,186,843,2.876637554585153,885,4842,4491,1236,452,268,11289,10.948711134732926,below30
2018,municip0234,Gjerdrum,6704,83,849,3.2098765432098766,887,1290,1597,325,143,92,3447,9.428488540760082,below30
2018,municip0235,Ullensaker,36576,252,695,3.391665793426246,909,7694,9798,1503,906,635,20536,7.318854694195559,30to60
2018,municip0236,Nes,21681,637,728,3.6635944700460827,817,5194,6372,733,433,198,12930,5.668986852281516,30to60
2018,municip0237,Eidsvoll,24647,457,689,5.712968181585285,847,5397,6981,636,491,213,13718,4.636244350488409,30to60
2018,municip0238,Nannestad,13240,341,716,2.916747150859571,833,2690,3732,461,252,130,7265,6.345492085340674,30to60
2018,municip0239,Hurdal,2903,285,619,5.283340434597358,730,682,879,62,50,18,1691,3.666469544648137,above60
2018,municip0301,Oslo,673469,454,624,1.0205662845549257,1000,104265,85495,33400,11281,23935,258376,12.92689723503731,city
2018,municip0402,Kongsvinger,17934,1036,576,3.1964394092656283,799,4745,5978,449,486,356,12014,3.737306475778259,above60
2018,municip0403,Hamar,30930,351,630,0.49766840393432343,876,7800,8605,783,694,630,18512,4.229688850475367,above60
2018,municip0412,Ringsaker,34151,1280,636,0.4250414235285642,786,8300,11888,488,366,394,21436,2.2765441313677925,above60
2018,municip0415,Løten,7615,369,645,0.6770917298081573,792,1933,2510,91,87,44,4665,1.9506966773847803,above60
2018,municip0417,Stange,20646,724,643,1.279445175176372,814,5005,6224,364,395,147,12135,2.99958796868562,above60
2018,municip0418,Nord-Odal,5097,508,592,3.377420878601795,718,1391,1665,44,57,18,3175,1.3858267716535433,above60
2018,municip0419,Sør-Odal,7884,517,657,3.581225236208473,779,1950,2641,165,102,57,4915,3.3570701932858595,above60
2018,municip0420,Eidskog,6142,640,542,1.561295296838859,698,1700,2097,46,63,29,3935,1.1689961880559085,above60
2018,municip0423,Grue,4740,837,531,0.9102091020910209,668,1315,1660,35,48,19,3077,1.1374715632109198,above60
2018,municip0425,Åsnes,7279,1041,544,0.55356561380657765,669,2078,2695,28,55,28,4884,0.5733005733005733,above60
2018,municip0426,Våler,3680,705,550,0.4477134633834346,669,1087,1336,11,32,13,2479,0.44372730939895116,above60
2018,municip0427,Elverum,21123,1229,622,0.527395253442719,762,5161,6454,457,367,378,12817,3.5655769680892564,above60
2018,municip0428,Trysil,6567,3014,563,0.635439360929557,609,1545,2241,50,57,26,3919,1.2758356723653994,above60
2018,municip0429,Åmot,4480,1340,571,0.6972378653794583,627,1103,1414,30,43,24,2614,1.1476664116296864,above60
2018,municip0430,Stor-Elvdal,2490,2166,512,0,552,514,693,7,9,4,1227,0.5704971475142624,above60
2018,municip0432,Rendalen,1827,3180,509,0.7843137254901961,491,440,706,2,6,5,1159,0.1725625539257981,above60
2018,municip0434,Engerdal,1294,2197,586,0,438,318,519,2,4,1,844,0.23696682464454977,above60
2018,municip0436,Tolga,1553,1123,614,0,559,361,542,6,11,5,925,0.6486486486486487,above60
2018,municip0437,Tynset,5605,1881,642,0.48672566371681414,660,1368,1947,23,57,35,3430,0.6705539358600583,above60
2018,municip0438,Alvdal,2424,942,651,0,584,469,977,18,24,23,1511,1.1912640635340834,above60
2018,municip0439,Folldal,1569,1277,579,0,518,375,551,9,8,5,948,0.9493670886075949,above60
2018,municip0441,Os,1936,1040,597,0,578,550,716,4,12,5,1287,0.3108003108003108,above60
2018,municip0501,Lillehammer,27938,478,652,0.7066678227694442,823,6125,8052,639,428,616,15860,4.0290037831021435,above60
2018,municip0502,Gjøvik,30642,672,612,0.37411446310594604,803,7377,9234,490,533,590,18224,2.688762071992976,above60
2018,municip0511,Dovre,2642,1364,572,0.8130081300813008,580,550,959,10,19,7,1545,0.6472491909385113,above60
2018,municip0512,Lesja,2038,2260,620,1.1642156862745099,542,416,780,6,5,5,1212,0.49504950495049505,above60
2018,municip0513,Skjåk,2179,2076,596,0,562,640,861,10,8,7,1526,0.6553079947575361,above60
2018,municip0514,Lom,2331,1969,638,0.6289308176100629,572,591,914,6,7,5,1523,0.3939592908732764,above60
2018,municip0515,Vågå,3638,1330,636,0.9399127223900637,623,799,1393,26,8,10,2236,1.1627906976744187,above60
2018,municip0516,Nord-Fron,5728,1141,596,3.4250893044757302,652,1373,1981,83,89,18,3544,2.3419864559819414,above60
2018,municip0517,Sel,5872,905,578,1.9104354971240756,637,1392,2231,68,24,68,3783,1.7975151995770553,above60
2018,municip0519,Sør-Fron,3146,742,612,2.3455824863174355,620,702,1203,40,16,12,1973,2.0273694880892044,above60
2018,municip0520,Ringebu,4454,1248,594,3.1325951930866864,658,1038,1618,38,24,17,2735,1.3893967093235833,above60
2018,municip0521,Øyer,5130,640,640,2.789598108747045,699,1137,1845,55,40,34,3111,1.7679202828672453,above60
2018,municip0522,Gausdal,6148,1191,638,5.9347181008902075,686,1495,2349,58,45,18,3965,1.4627994955863808,above60
2018,municip0528,Østre-Toten,14888,563,641,1.166204534333714,731,4070,5163,168,149,117,9667,1.7378711078928313,above60
2018,municip0529,Vestre-Toten,13314,250,624,0.4461846658167911,769,3741,4405,97,145,97,8485,1.1431938715380083,above60
2018,municip0532,Jevnaker,6777,226,655,1.53987167736022,778,1599,2175,148,121,49,4092,3.616813294232649,above60
2018,municip0533,Lunner,9065,292,728,4.481099656357388,785,2403,2476,331,172,197,5579,5.932962896576448,30to60
2018,municip0534,Gran,13770,757,641,4.173757277205553,784,3548,4204,328,145,146,8371,3.918289332218373,above60
2018,municip0536,Søndre-Land,5650,728,576,0.9609224855861627,676,1444,1687,35,53,32,3251,1.0765918179021838,above60
2018,municip0538,Nordre-Land,6750,955,590,0.5030542579949695,683,1746,2286,23,33,43,4131,0.5567659162430404,above60
2018,municip0540,Sør-Aurdal,3014,1109,562,3.406813627254509,579,729,1041,36,34,17,1857,1.938610662358643,above60
2018,municip0541,Etnedal,1352,459,539,0.9990917347865577,587,366,441,5,15,7,834,0.5995203836930456,above60
2018,municip0542,Nord-Aurdal,6443,907,584,0.4493540535480247,672,1760,2334,106,124,126,4450,2.3820224719101124,above60
2018,municip0543,Vestre-Slidre,2139,463,617,0,598,521,786,26,18,16,1367,1.9019751280175567,above60
2018,municip0544,Øystre-Slidre,3221,963,615,0.45231813041839425,601,860,1198,16,30,14,2118,0.7554296506137866,above60
2018,municip0545,Vang,1601,1505,617,0,522,405,617,12,18,13,1065,1.1267605633802817,above60
2018,municip0602,Drammen,68713,138,623,1.252816584046868,933,14654,13129,1941,11414,1112,42250,4.594082840236687,30to60
2018,municip0604,Kongsberg,27410,793,701,0.2755194218608853,850,6545,7980,497,628,701,16351,3.039569445293866,above60
2018,municip0605,Ringerike,30283,1555,612,1.074019156013305,815,7298,9360,1026,844,850,19378,5.294664052017752,above60
2018,municip0612,Hole,6833,193,789,1.9327262590596543,800,1286,1620,320,118,98,3442,9.296920395119116,30to60
2018,municip0615,Flå,1069,704,575,0,563,230,343,8,13,8,602,1.3289036544850499,above60
2018,municip0616,Nes,3341,810,599,0.5008944543828264,660,822,1216,109,42,172,2361,4.616687844133842,above60
2018,municip0617,Gol,4566,532,587,0.4787234042553192,697,1059,1769,132,152,138,3250,4.061538461538461,above60
2018,municip0618,Hemsedal,2457,754,621,1.347305389221557,629,450,790,38,20,33,1331,2.8549962434259957,above60
2018,municip0619,Ål,4626,1175,653,0.40106951871657753,662,1035,1503,93,54,92,2777,3.3489377025567157,above60
2018,municip0620,Hol,4520,1855,644,0,640,1035,1333,27,36,45,2476,1.0904684975767367,above60
2018,municip0621,Sigdal,3488,842,616,0.4192872117400419,662,818,1303,15,38,12,2186,0.6861848124428179,above60
2018,municip0622,Krødsherad,2277,375,608,0.6514657980456026,622,455,786,33,21,14,1309,2.5210084033613445,above60
2018,municip0623,Modum,13880,517,626,0.5558006175562418,812,3202,4071,200,191,105,7769,2.5743338911056766,above60
2018,municip0624,Øvre-Eiker,18926,457,674,0.7175301165163583,856,4606,5454,454,746,243,11503,3.946796487872729,30to60
2018,municip0625,Nedre-Eiker,24917,122,704,0.9932096888618628,897,5491,5449,538,531,291,12300,4.373983739837398,30to60
2018,municip0626,Lier,25980,302,777,1.662777129521587,896,6517,7495,2252,508,1316,18088,12.450243255196815,30to60
2018,municip0627,Røyken,22452,113,823,2.080364776289541,883,4565,4917,1020,425,263,11190,9.115281501340483,30to60
2018,municip0628,Hurum,9450,163,718,2.1033497792781097,810,2059,2455,367,147,98,5126,7.159578618806087,30to60
2018,municip0631,Flesberg,2688,562,699,0,703,522,921,27,16,14,1500,1.8,above60
2018,municip0632,Rollag,1411,449,618,0,588,307,479,8,8,8,810,0.9876543209876543,above60
2018,municip0633,Nore-og-Uvdal,2482,2502,644,0,537,587,965,11,9,12,1584,0.6944444444444444,above60
2018,municip0701,Horten,27317,70,622,1.8104030623733394,889,6243,5684,620,890,335,13772,4.5018878884693585,above60
2018,municip0704,Tønsberg,45360,110,634,1.4873520790359354,891,11783,10561,2099,1712,1185,27340,7.677395757132406,above60
2018,municip0710,Sandefjord,62615,422,629,2.061185920151193,870,15321,13976,1664,1448,783,33192,5.013256206314774,above60
2018,municip0711,Svelvik,6672,58,666,1.8198362147406733,761,1552,1607,167,142,64,3532,4.728199320498301,30to60
2018,municip0712,Larvik,46801,813,627,2.621163272260229,850,10879,11707,1474,1039,731,25830,5.706542779713511,above60
2018,municip0713,Sande,9726,178,731,1.1458333333333333,851,2209,2573,293,172,114,5361,5.465398246595784,30to60
2018,municip0715,Holmestrand,14212,249,661,1.5131750587007566,842,3291,3882,304,193,127,7797,3.8989354880082083,above60
2018,municip0716,Re,9621,225,701,1.672593177927038,821,2165,2543,183,119,72,5082,3.600944510035419,above60
2018,municip0729,Færder,26734,100,680,1.330938564981118,843,6504,5642,867,383,386,13782,6.29081410535481,above60
2018,municip0805,Porsgrunn,36091,164,631,1.3708856464200883,860,7649,8506,1212,824,489,18680,6.488222698072805,above60
2018,municip0806,Skien,54510,779,615,1.1681079367954,846,13262,14559,2395,755,1440,32411,7.389466539137947,above60
2018,municip0807,Notodden,12664,919,598,0.36786060019361083,762,2424,4380,248,259,263,7574,3.2743596514391338,above60
2018,municip0811,Siljan,2351,214,743,1.4240506329113924,666,552,703,37,28,14,1334,2.7736131934032984,above60
2018,municip0814,Bamble,14183,304,708,1.7901928565251233,775,2885,3733,293,206,117,7234,4.050317943046724,above60
2018,municip0815,Kragerø,10506,305,578,1.605688725771304,741,2034,2849,229,72,123,5307,4.315055586960618,above60
2018,municip0817,Drangedal,4105,1063,593,0.9281437125748503,633,951,1216,26,41,12,2246,1.157613535173642,above60
2018,municip0819,Nome,6609,430,597,1.7515051997810618,713,1550,2052,67,76,38,3783,1.7710811525244514,above60
2018,municip0821,Bø,6460,263,600,0.6778384485031067,747,1304,1863,99,93,49,3408,2.9049295774647885,above60
2018,municip0822,Sauherad,4359,321,645,0.9539842873176206,709,705,1246,46,51,10,2058,2.2351797862001943,above60
2018,municip0826,Tinn,5856,2045,596,0.30643513789581206,599,954,1729,35,45,47,2810,1.2455516014234875,above60
2018,municip0827,Hjartdal,1587,792,648,0,589,292,551,11,19,9,882,1.2471655328798186,above60
2018,municip0828,Seljord,2959,715,615,0,638,581,864,35,110,35,1625,2.1538461538461537,above60
2018,municip0829,Kviteseid,2397,708,652,0,608,544,880,28,35,21,1508,1.856763925729443,above60
2018,municip0830,Nissedal,1489,905,655,0,538,279,449,8,12,4,752,1.0638297872340425,above60
2018,municip0831,Fyresdal,1320,1280,606,0,466,323,415,6,8,4,756,0.7936507936507936,above60
2018,municip0833,Tokke,2236,984,635,0,544,378,787,5,22,8,1200,0.4166666666666667,above60
2018,municip0834,Vinje,3709,3106,642,0.3605375286791216,553,642,1277,11,33,22,1985,0.5541561712846348,above60
2018,municip0901,Risør,6882,193,586,0.5969101123595506,704,1229,2021,114,69,71,3504,3.2534246575342465,above60
2018,municip0904,Grimstad,23017,304,666,0.9232291036984118,812,4332,6188,673,280,233,11706,5.749188450367333,above60
2018,municip0906,Arendal,44645,270,624,0.4375574816755386,803,9554,12375,1179,908,791,24807,4.752690772765751,above60
2018,municip0911,Gjerstad,2467,322,588,1.267056530214425,661,520,865,35,20,14,1454,2.407152682255846,above60
2018,municip0912,Vegårshei,2087,356,609,0,583,413,629,20,17,13,1092,1.8315018315018314,above60
2018,municip0914,Tvedestrand,6086,215,616,0.6455517450070607,711,1327,1849,125,50,51,3402,3.6743092298647855,above60
2018,municip0919,Froland,5790,645,669,0,701,1191,1923,109,48,81,3352,3.2517899761336517,above60
2018,municip0926,Lillesand,10871,190,732,1.5274350840089297,787,1701,2554,395,98,78,4826,8.184832159138002,above60
2018,municip0928,Birkenes,5187,674,688,1.3085052843482636,711,730,1342,97,25,22,2216,4.377256317689531,above60
2018,municip0929,Åmli,1845,1131,610,0,574,456,711,12,17,10,1206,0.9950248756218906,above60
2018,municip0935,Iveland,1330,262,668,1.1776251226692835,634,323,469,30,8,5,835,3.592814371257485,above60
2018,municip0937,Evje-og-Hornnes,3625,550,619,0.4567814476458187,691,710,1046,38,36,25,1855,2.0485175202156336,above60
2018,municip0938,Bygland,1207,1312,618,0,564,276,427,13,12,3,731,1.7783857729138166,above60
2018,municip0940,Valle,1225,1265,646,0,485,262,409,8,12,2,693,1.1544011544011543,above60
2018,municip0941,Bykle,958,1467,631,0,472,151,279,4,3,6,443,0.9029345372460497,above60
2018,municip1001,Kristiansand,91440,277,636,0.6623328836011284,857,15135,18649,5010,1710,1419,41923,11.950480643083749,above60
2018,municip1002,Mandal,15659,223,638,0.9521504074880981,783,2710,4123,516,123,150,7622,6.7698766727892945,above60
2018,municip1003,Farsund,9726,263,658,2.488075286837695,695,2144,2849,154,409,84,5640,2.730496453900709,above60
2018,municip1004,Flekkefjord,9066,544,659,1.2961941533370105,690,1797,2418,97,221,66,4599,2.1091541639486846,above60
2018,municip1014,Vennesla,14532,384,644,1.1770906535488406,765,2733,3885,405,137,92,7252,5.584666298952013,above60
2018,municip1017,Songdalen,6656,216,641,1.38671875,764,1202,1809,251,74,23,3359,7.472462042274486,above60
2018,municip1018,Søgne,11342,151,693,1.392319784415001,785,1910,2880,548,155,98,5591,9.801466642818816,above60
2018,municip1021,Marnardal,2308,395,675,0.883489784649365,647,443,763,36,13,15,1270,2.8346456692913384,above60
2018,municip1026,Åseral,943,888,675,0,549,166,345,7,0,1,519,1.348747591522158,above60
2018,municip1027,Audnedal,1786,251,699,0,613,308,653,16,6,5,988,1.6194331983805668,above60
2018,municip1029,Lindesnes,4938,316,630,0.859822824387702,686,910,1550,81,27,44,2612,3.1010719754977027,above60
2018,municip1032,Lyngdal,8571,391,663,2.3131943387612237,713,1786,2970,218,155,117,5246,4.155547083492184,above60
2018,municip1034,Hægebostad,1699,461,748,0.9090909090909091,600,343,638,6,5,3,995,0.6030150753768844,above60
2018,municip1037,Kvinesdal,6024,963,649,1.7621145374449338,657,1378,2100,63,51,102,3694,1.705468327016784,above60
2018,municip1046,Sirdal,1842,1555,764,1.2362637362637363,602,393,621,25,14,11,1064,2.3496240601503757,above60
2018,municip1101,Eigersund,14898,432,703,0.42369290738073045,753,3115,3750,259,642,182,7948,3.2586814292903874,above60
2018,municip1102,Sandnes,76328,304,760,0.9166354885888235,887,16156,16276,4284,1284,906,38906,11.011155091759626,below30
2018,municip1103,Stavanger,133140,71,727,0.510988598859886,908,25773,23600,5790,2768,1663,59594,9.71574319562372,city
2018,municip1106,Haugesund,37167,73,619,1.1423608791502438,831,8282,8100,1501,746,574,19203,7.816487007238452,above60
2018,municip1111,Sokndal,3331,295,661,0,664,681,776,37,42,32,1568,2.3596938775510203,above60
2018,municip1112,Lund,3237,408,684,0.6671899529042387,637,539,905,14,49,17,1524,0.9186351706036745,above60
2018,municip1114,Bjerkreim,2826,651,829,1.5485687470671046,697,538,815,59,43,18,1473,4.005431093007468,30to60
2018,municip1119,Hå,18762,258,747,1.2044798196802142,786,3429,5232,366,175,130,9332,3.921988855550793,30to60
2018,municip1120,Klepp,19217,113,778,1.4589129402184977,854,4241,4732,665,229,150,10017,6.638714185883997,below30
2018,municip1121,Time,18699,183,767,1.4874301675977655,843,4215,4826,616,217,236,10110,6.09297725024728,30to60
2018,municip1122,Gjesdal,11866,618,824,2.532069157836029,807,2293,2938,489,157,94,5971,8.18958298442472,30to60
2018,municip1124,Sola,26265,69,848,0.5108620176569785,872,5278,5221,1791,380,298,12968,13.810919185687847,below30
2018,municip1127,Randaberg,10972,25,812,0.947193937958797,877,2075,2086,739,195,128,5223,14.1489565383879,below30
2018,municip1129,Forsand,1246,780,742,7.249466950959488,651,218,308,48,14,10,598,8.02675585284281,above60
2018,municip1130,Strand,12638,218,736,4.991749174917492,722,2300,3078,365,166,92,6001,6.082319613397767,above60
2018,municip1133,Hjelmeland,2723,1089,743,2.0534861509073545,540,453,742,35,50,24,1304,2.684049079754601,above60
2018,municip1134,Suldal,3849,1737,729,0.6274768824306473,528,653,1119,34,39,26,1871,1.817210048102619,above60
2018,municip1135,Sauda,4663,546,657,0,632,965,1191,20,34,36,2246,0.8904719501335708,above60
2018,municip1141,Finnøy,3197,104,738,3.1688728439630967,632,506,580,382,32,27,1527,25.01637197118533,30to60
2018,municip1142,Rennesøy,4849,66,863,5.322052401746725,730,839,1159,335,115,53,2501,13.394642143142743,below30
2018,municip1144,Kvitsøy,542,6,796,12.761020881670534,507,114,94,27,6,1,242,11.15702479338843,above60
2018,municip1145,Bokn,844,47,744,3.5502958579881656,626,159,226,39,6,9,439,8.883826879271071,above60
2018,municip1146,Tysvær,11023,425,788,1.7893355600620302,723,2127,2975,440,118,113,5773,7.621687164385935,above60
2018,municip1149,Karmøy,42243,230,711,1.5220285645122247,764,9695,9841,1789,560,478,22363,7.999821133121674,above60
2018,municip1151,Utsira,208,6,747,0,315,37,21,2,5,1,66,3.0303030303030303,above60
2018,municip1160,Vindafjord,8793,621,702,1.6308269591571656,658,1548,2938,161,57,67,4771,3.374554600712639,above60
2018,municip1201,Bergen,279792,465,651,1.0991224536266662,902,46426,42152,17682,5862,4512,116634,15.160244868563197,city
2018,municip1211,Etne,4083,735,690,1.3071895424836601,613,717,1254,73,31,50,2125,3.4352941176470586,above60
2018,municip1216,Sveio,5721,246,746,2.802460697197539,679,1043,1650,236,64,42,3035,7.775947281713345,above60
2018,municip1219,Bømlo,11902,247,746,2.887224573971562,645,2051,2819,534,137,105,5646,9.458023379383635,above60
2018,municip1221,Stord,18780,144,721,1.095408749746433,734,3426,4234,458,232,226,8576,5.340485074626866,above60
2018,municip1222,Fitjar,3194,142,772,0.7240547063555913,593,597,711,58,35,23,1424,4.073033707865169,above60
2018,municip1223,Tysnes,2857,255,649,4.280821917808219,572,612,763,58,33,37,1503,3.8589487691284097,above60
2018,municip1224,Kvinnherad,13180,1091,678,2.101476713366149,593,2642,3443,402,223,123,6833,5.883213815308064,above60
2018,municip1227,Jondal,1096,247,671,4.648526077097506,484,214,335,26,6,11,592,4.391891891891892,above60
2018,municip1228,Odda,6835,1616,632,0.40571529370259307,659,1274,1902,56,75,102,3409,1.6427104722792607,above60
2018,municip1231,Ullensvang,3363,1399,695,1.4603870025556773,532,577,951,50,28,29,1635,3.058103975535168,above60
2018,municip1232,Eidfjord,931,1491,722,0,547,146,255,38,9,3,451,8.425720620842572,above60
2018,municip1233,Ulvik,1117,722,628,5.856353591160221,552,183,299,29,13,4,528,5.492424242424242,above60
2018,municip1234,Granvin,931,211,660,5.045278137128072,591,165,271,25,3,1,465,5.376344086021505,above60
2018,municip1235,Voss,14577,1806,674,0.8712735969932519,737,3059,4441,458,132,124,8214,5.575846116386657,above60
2018,municip1238,Kvam,8455,617,699,1.482799525504152,677,1698,2368,132,192,66,4456,2.96229802513465,above60
2018,municip1241,Fusa,3920,378,762,3.8894246223079394,618,774,1158,65,73,39,2109,3.0820293978188715,above60
2018,municip1242,Samnanger,2463,269,700,2.548725637181409,690,537,682,119,21,22,1381,8.616944243301955,30to60
2018,municip1243,Os,20573,140,763,2.3097480274879105,788,3897,4471,1233,390,284,10275,12,30to60
2018,municip1244,Austevoll,5189,117,858,2.1174691202419966,595,847,1015,269,75,69,2275,11.824175824175825,above60
2018,municip1245,Sund,7085,100,760,2.6413003324713706,694,1283,1842,377,147,98,3747,10.061382439284762,30to60
2018,municip1246,Fjell,25725,148,799,2.252048459257025,814,4727,5540,1952,671,336,13226,14.758808407681839,below30
2018,municip1247,Askøy,29071,101,823,4.123851959625353,814,4468,5281,3215,538,369,13871,23.177853074760293,below30
2018,municip1251,Vaksdal,4127,715,643,1.794403892944039,650,761,1000,81,33,35,1910,4.2408376963350785,30to60
2018,municip1252,Modalen,380,412,775,0,527,61,101,6,6,3,177,3.389830508474576,above60
2018,municip1253,Osterøy,8125,255,708,2.8794992175273864,712,1538,2233,287,111,78,4247,6.75771132564163,30to60
2018,municip1256,Meland,8079,93,805,2.426627315953435,768,1299,1895,518,162,93,3967,13.057726241492311,30to60
2018,municip1259,Øygarden,4877,67,731,1.9654714475431607,695,857,1186,235,130,46,2454,9.576202118989405,30to60
2018,municip1260,Radøy,5129,111,689,0.8329250367466928,677,966,1466,168,99,35,2734,6.144842721287491,30to60
2018,municip1263,Lindås,15789,475,764,2.1800794229678258,742,2757,4563,685,346,158,8509,8.050299682688918,30to60
2018,municip1264,Austrheim,2902,58,711,1.2853470437017995,660,556,906,72,48,25,1607,4.4803982576229,above60
2018,municip1265,Fedje,561,9,670,4.017857142857143,431,88,115,3,6,6,218,1.3761467889908257,above60
2018,municip1266,Masfjorden,1730,556,745,3.558460421205519,544,285,563,23,24,9,904,2.5442477876106193,above60
2018,municip1401,Flora,11988,693,704,1.644667923737691,706,2003,2992,121,160,92,5368,2.2540983606557377,above60
2018,municip1411,Gulen,2345,597,688,1.840168243953733,478,415,747,13,25,14,1214,1.0708401976935749,above60
2018,municip1412,Solund,807,228,657,2.806499261447563,368,147,185,9,7,3,351,2.5641025641025643,above60
2018,municip1413,Hyllestad,1378,259,579,1.888412017167382,505,252,430,19,23,5,729,2.606310013717421,above60
2018,municip1416,Høyanger,4154,908,632,1.908957415565345,565,780,1308,47,40,32,2207,2.1295876755777075,above60
2018,municip1417,Vik,2674,833,670,1.192113709307657,536,513,876,13,12,13,1427,0.9110021023125437,above60
2018,municip1418,Balestrand,1262,430,632,3.8752362948960304,547,208,412,17,10,7,654,2.599388379204893,above60
2018,municip1419,Leikanger,2345,180,786,1.556629092860977,617,381,742,17,29,15,1184,1.4358108108108107,above60
2018,municip1420,Sogndal,8059,746,704,1.3969910961007062,695,1361,2387,132,143,70,4093,3.22501832396775,above60
2018,municip1421,Aurland,1778,1468,637,0.938337801608579,543,289,600,13,16,5,923,1.408450704225352,above60
2018,municip1422,Lærdal,2153,1342,680,2.5944726452340667,563,425,735,15,28,21,1224,1.2254901960784315,above60
2018,municip1424,Årdal,5277,977,693,0.5690871841566127,606,1040,1720,17,63,46,2886,0.589050589050589,above60
2018,municip1426,Luster,5223,2706,684,0.9910563210055596,582,1014,1805,70,34,34,2957,2.367264119039567,above60
2018,municip1428,Askvoll,3052,326,661,2.8048780487804876,524,503,863,26,45,23,1460,1.7808219178082192,above60
2018,municip1429,Fjaler,2846,417,566,1.2096774193548387,584,458,836,36,35,17,1382,2.6049204052098407,above60
2018,municip1430,Gaular,3006,582,783,3.35195530726257,608,576,972,79,26,11,1664,4.747596153846154,above60
2018,municip1431,Jølster,3043,671,741,2.57275411218895,576,547,1001,65,34,23,1670,3.8922155688622753,above60
2018,municip1432,Førde,13089,586,737,1.3587487781036167,752,2648,4125,384,241,287,7685,4.996746909564086,above60
2018,municip1433,Naustdal,2825,369,726,2.394938996836873,625,571,896,53,29,10,1559,3.399615137908916,above60
2018,municip1438,Bremanger,3767,833,622,1.1352578657152124,491,614,1055,15,55,19,1758,0.8532423208191127,above60
2018,municip1439,Vågsøy,6001,177,696,0.6710002096875656,632,1067,1677,31,221,60,3056,1.0143979057591623,above60
2018,municip1441,Selje,2757,226,709,0,522,547,967,13,29,16,1572,0.8269720101781171,above60
2018,municip1443,Eid,6157,469,713,2.0803295571575697,640,1140,2092,79,45,124,3480,2.2701149425287355,above60
2018,municip1444,Hornindal,1175,192,737,0,611,271,401,4,26,7,709,0.5641748942172073,above60
2018,municip1445,Gloppen,5874,1031,697,2.0543548041943076,637,1042,2001,121,70,95,3329,3.634725142685491,above60
2018,municip1449,Stryn,7195,1377,671,0.4571026722925457,616,1640,2416,60,158,67,4341,1.38217000691085,above60
2018,municip1502,Molde,26900,363,672,1.007695126419934,774,5731,7238,556,558,486,14569,3.8163223282311756,above60
2018,municip1504,Ålesund,47510,99,672,0.7164816841227659,827,10344,11664,1097,1127,860,25092,4.371911366172485,above60
2018,municip1505,Kristiansund,24300,87,617,0.7289362557812186,766,4884,6254,474,519,418,12549,3.7771934018646904,above60
2018,municip1511,Vanylven,3187,385,670,2.3853894893775625,551,689,1129,18,37,16,1889,0.9528851244044468,above60
2018,municip1514,Sande,2522,93,651,1.335240820219361,572,459,714,16,43,15,1247,1.2830793905372895,above60
2018,municip1515,Herøy,8965,120,732,0.5853658536585366,679,1860,2586,83,149,79,4757,1.744797141055287,above60
2018,municip1516,Ulstein,8555,97,720,2.051963389430174,732,1785,2198,147,160,75,4365,3.3676975945017182,above60
2018,municip1517,Hareid,5150,82,661,3.022915650901999,698,1115,1394,44,91,32,2676,1.6442451420029895,above60
2018,municip1519,Volda,9188,547,659,1.6851678480674066,727,1922,2515,128,138,60,4763,2.6873819021625027,above60
2018,municip1520,Ørsta,10812,804,691,1.244475459409165,725,2802,3367,118,166,61,6514,1.8114829597789377,above60
2018,municip1523,Ørskog,2267,132,694,0.8639308855291576,700,449,722,26,21,11,1229,2.1155410903173313,above60
2018,municip1524,Norddal,1670,944,675,3.164091243561442,546,359,492,22,16,9,898,2.4498886414253898,above60
2018,municip1525,Stranda,4587,866,671,1.1470281543274243,629,966,1287,37,27,29,2346,1.577152600170503,above60
2018,municip1526,Stordal,972,247,628,0,620,203,285,7,11,4,510,1.3725490196078431,above60
2018,municip1528,Sykkylven,7695,338,706,3.6520045447167666,692,1842,2054,120,51,39,4106,2.922552362396493,above60
2018,municip1529,Skodje,4680,120,790,0.6921373200442967,722,917,1460,71,55,45,2548,2.7864992150706436,above60
2018,municip1531,Sula,9131,59,742,1.0272506777000998,743,1848,2408,159,115,71,4601,3.455770484677244,above60
2018,municip1532,Giske,8292,41,810,0.33133480593247083,720,1503,2191,166,120,57,4037,4.111964329947981,above60
2018,municip1534,Haram,9345,261,693,2.011263073209976,653,2045,2728,125,105,59,5062,2.4693796918214144,above60
2018,municip1535,Vestnes,6559,352,653,2.0685799478196047,653,1401,1940,140,42,22,3545,3.9492242595204514,above60
2018,municip1539,Rauma,7507,1502,633,2.4717982747179827,629,1421,2370,108,47,54,4000,2.7,above60
2018,municip1543,Nesset,2946,1046,658,0.9399264405394361,557,565,1157,24,20,19,1785,1.3445378151260505,above60
2018,municip1545,Midsund,2049,95,659,5.003126954346467,573,498,547,11,17,16,1089,1.0101010101010102,above60
2018,municip1546,Sandøy,1263,21,683,1.6666666666666667,466,241,253,7,17,6,524,1.3358778625954197,above60
2018,municip1547,Aukra,3557,59,710,3.3868092691622103,623,923,1249,72,69,30,2343,3.0729833546734957,above60
2018,municip1548,Fræna,9775,370,702,1.3824289405684755,666,2019,3252,107,119,55,5552,1.9272334293948126,above60
2018,municip1551,Eide,3440,152,707,0.929022668153103,638,742,1246,79,27,17,2111,3.74230222643297,above60
2018,municip1554,Averøy,5859,176,707,4.43024494142705,632,982,1626,505,74,51,3238,15.596046942557134,above60
2018,municip1557,Gjemnes,2623,382,696,0,595,500,911,42,12,14,1479,2.839756592292089,above60
2018,municip1560,Tingvoll,3078,337,636,1.2761020881670533,584,642,1033,25,26,11,1737,1.4392630972941853,above60
2018,municip1563,Sunndal,7119,1713,661,0.6107906345436037,645,1778,2140,36,49,39,4042,0.8906481939633845,above60
2018,municip1566,Surnadal,5978,1366,648,2.1835826930853215,615,1583,1991,35,30,60,3699,0.9462016761286834,above60
2018,municip1571,Halsa,1571,301,629,1.834862385321101,510,329,565,10,11,6,921,1.0857763300760044,above60
2018,municip1573,Smøla,2172,272,606,1.164079822616408,465,419,630,16,19,13,1097,1.4585232452142205,above60
2018,municip1576,Aure,3593,641,620,2.463719203509956,513,684,1235,37,36,16,2008,1.842629482071713,above60
2018,municip1804,Bodø,51558,1395,699,1.4270980740172212,801,10218,12070,2146,652,431,25517,8.4100795548066,above60
2018,municip1805,Narvik,18638,2023,648,0.9506446151842688,711,3580,5713,493,158,273,10217,4.825291181364393,above60
2018,municip1811,Bindal,1486,1264,583,1.4026402640264026,429,223,538,11,11,6,789,1.394169835234474,above60
2018,municip1812,Sømna,2020,195,594,0,510,400,803,16,17,12,1248,1.2820512820512822,above60
2018,municip1813,Brønnøy,7948,1046,645,0.3933910306845004,621,1463,2187,64,70,60,3844,1.6649323621227887,above60
2018,municip1815,Vega,1221,165,612,2.1379980563654035,413,244,322,8,5,9,588,1.3605442176870748,above60
2018,municip1816,Vevelstad,506,539,543,5,381,104,142,7,0,5,258,2.7131782945736433,above60
2018,municip1818,Herøy,1790,64,605,2.1320495185694637,490,391,434,8,20,3,856,0.9345794392523364,above60
2018,municip1820,Alstahaug,7450,188,652,1.2008554038493173,668,1436,2009,61,48,51,3605,1.6920943134535367,above60
2018,municip1822,Leirfjord,2307,465,617,2.4630541871921183,568,458,718,45,22,12,1255,3.585657370517928,above60
2018,municip1824,Vefsn,13448,1929,624,2.096511838062534,704,2873,3945,337,208,80,7443,4.527744189171033,above60
2018,municip1825,Grane,1463,2004,614,4.901960784313726,496,271,534,11,10,2,828,1.328502415458937,above60
2018,municip1826,Hattfjelldal,1411,2684,574,1.2100259291270528,456,288,473,1,6,6,774,0.12919896640826872,above60
2018,municip1827,Dønna,1403,192,586,3.9723661485319517,430,269,384,16,12,10,691,2.3154848046309695,above60
2018,municip1828,Nesna,1805,183,581,0.9352037408149633,520,260,512,11,11,9,803,1.36986301369863,above60
2018,municip1832,Hemnes,4503,1590,596,4.907306434023991,575,901,1546,41,35,22,2545,1.6110019646365423,above60
2018,municip1833,Rana,26230,4460,666,1.169864295741694,714,5301,8529,291,368,257,14746,1.973416519734165,above60
2018,municip1834,Lurøy,1920,265,649,0.9584664536741214,368,336,394,2,7,13,752,0.26595744680851063,above60
2018,municip1835,Træna,454,17,627,0,350,38,74,1,1,0,114,0.8771929824561403,above60
2018,municip1836,Rødøy,1249,711,607,2.388059701492537,355,230,335,1,6,4,576,0.1736111111111111,above60
2018,municip1837,Meløy,6346,874,659,0.7574286269178482,495,1195,1975,25,44,29,3268,0.7649938800489596,above60
2018,municip1838,Gildeskål,1998,665,582,2.3508137432188065,485,372,602,27,11,5,1017,2.6548672566371683,above60
2018,municip1839,Beiarn,1029,1222,554,0,454,297,322,0,8,3,630,0,above60
2018,municip1840,Saltdal,4691,2216,641,0.6831318970047294,606,1133,1488,10,30,46,2707,0.3694126339120798,above60
2018,municip1841,Fauske,9775,1205,635,2.707715133531157,681,2277,3127,104,95,59,5662,1.8368067820558107,above60
2018,municip1845,Sørfold,1979,1637,617,0.9858287122612446,563,456,686,9,11,4,1166,0.7718696397941681,above60
2018,municip1848,Steigen,2534,1009,613,0,427,681,737,11,25,6,1460,0.7534246575342466,above60
2018,municip1849,Hamarøy,1801,1034,565,0,437,353,510,7,30,5,905,0.7734806629834254,above60
2018,municip1850,Tysfjord,1953,1464,564,0.9768009768009768,423,345,550,2,13,5,915,0.2185792349726776,above60
2018,municip1851,Lødingen,2102,527,581,0,559,364,556,7,37,15,979,0.7150153217568948,above60
2018,municip1852,Tjeldsund,1259,319,644,2.554399243140965,510,269,465,11,18,5,768,1.4322916666666667,above60
2018,municip1853,Evenes,1387,253,596,1.5319148936170213,545,276,457,8,9,1,751,1.0652463382157125,above60
2018,municip1854,Ballangen,2522,932,574,0.5819592628516004,523,599,750,22,10,7,1388,1.585014409221902,above60
2018,municip1856,Røst,517,10,565,0,387,107,88,4,6,3,208,1.9230769230769231,above60
2018,municip1857,Værøy,746,19,531,0,404,131,134,5,4,1,275,1.8181818181818181,above60
2018,municip1859,Flakstad,1301,178,633,0,477,234,452,4,8,7,705,0.5673758865248227,above60
2018,municip1860,Vestvågøy,11397,425,637,0.12050832602979843,637,2337,3596,63,151,40,6187,1.0182641021496686,above60
2018,municip1865,Vågan,9611,479,614,0.25650891368475054,644,1503,2847,46,113,108,4617,0.9963179553822828,above60
2018,municip1866,Hadsel,8042,567,629,0.3597661520011992,601,1384,2473,71,124,38,4090,1.7359413202933984,above60
2018,municip1867,Bø,2623,247,531,0,534,544,877,8,31,9,1469,0.5445881552076243,above60
2018,municip1868,Øksnes,4541,320,608,0,568,836,1395,15,54,17,2317,0.6473888649115235,above60
2018,municip1870,Sortland,10401,722,633,0,683,2049,3535,158,164,87,5993,2.636409144001335,above60
2018,municip1871,Andøy,4902,656,611,0,536,967,1603,19,44,21,2654,0.7159005275056518,above60
2018,municip1874,Moskenes,1068,119,541,0,462,179,276,3,9,2,469,0.6396588486140725,above60
2018,municip1902,Tromsø,75638,2521,682,0.17851057269437368,808,13161,19037,986,1482,994,35660,2.765002804262479,above60
2018,municip1903,Harstad,24820,445,645,0.8812317441457498,744,5223,7406,537,301,285,13752,3.904886561954625,above60
2018,municip1911,Kvæfjord,2928,513,626,1.4504765851636967,593,603,849,39,27,15,1533,2.544031311154599,above60
2018,municip1913,Skånland,2994,495,633,2.9211684673869547,566,551,1043,38,26,10,1668,2.278177458033573,above60
2018,municip1917,Ibestad,1380,241,585,1.4190317195325544,453,264,424,1,20,4,713,0.1402524544179523,above60
2018,municip1919,Gratangen,1117,313,567,0,501,203,361,3,7,3,577,0.5199306759098787,above60
2018,municip1920,Lavangen,1061,302,642,0,516,168,367,7,4,4,550,1.2727272727272727,above60
2018,municip1922,Bardu,3979,2704,676,0,600,781,1289,24,67,24,2185,1.0983981693363845,above60
2018,municip1923,Salangen,2226,458,572,0,572,450,749,7,17,4,1227,0.5704971475142624,above60
2018,municip1924,Målselv,6798,3326,685,0,602,1356,2899,49,60,43,4407,1.1118674835488995,above60
2018,municip1925,Sørreisa,3494,361,665,0,621,701,1166,20,20,11,1918,1.0427528675703859,above60
2018,municip1926,Dyrøy,1165,289,547,0,505,227,410,7,8,3,655,1.0687022900763359,above60
2018,municip1927,Tranøy,1536,524,603,0,514,228,419,7,9,5,668,1.0479041916167664,above60
2018,municip1928,Torsken,943,243,529,0,426,158,274,0,12,2,446,0,above60
2018,municip1929,Berg,902,294,606,0,453,168,281,1,5,5,460,0.21739130434782608,above60
2018,municip1931,Lenvik,11644,893,652,0.1187392055267703,645,2614,4266,60,132,118,7190,0.8344923504867872,above60
2018,municip1933,Balsfjord,5653,1497,602,0.9193927731451785,571,1133,2169,52,26,14,3394,1.5321154979375369,above60
2018,municip1936,Karlsøy,2263,1092,578,1.1299435028248588,448,399,784,19,12,5,1219,1.5586546349466777,above60
2018,municip1938,Lyngen,2877,813,608,0.8220304151253597,481,530,1023,11,13,10,1587,0.6931316950220542,above60
2018,municip1939,Storfjord,1856,1543,622,0,523,386,729,7,8,6,1136,0.6161971830985915,above60
2018,municip1940,Kåfjord,2132,991,556,0,446,424,745,4,9,1,1183,0.33812341504649196,above60
2018,municip1941,Skjervøy,2925,474,605,0.8724553385957624,570,434,818,8,10,7,1277,0.6264682850430697,above60
2018,municip1942,Nordreisa,4944,3437,614,0,581,846,1683,22,20,30,2601,0.8458285274894272,above60
2018,municip1943,Kvænangen,1224,2109,567,0,444,221,427,0,9,4,661,0,above60
2018,municip2002,Vardø,2110,601,504,0,529,321,589,1,23,4,938,0.10660980810234541,above60
2018,municip2003,Vadsø,6033,1258,636,0,643,1096,1848,12,124,31,3111,0.3857280617164899,above60
2018,municip2004,Hammerfest,10533,848,663,0.22445363260484347,700,1589,2913,33,143,45,4723,0.6987084480203261,above60
2018,municip2011,Kautokeino,2946,9707,654,0,494,539,937,1,23,8,1508,0.06631299734748011,above60
2018,municip2012,Alta,20635,3849,697,0.09244422531739184,721,4068,6975,168,271,213,11695,1.436511329628046,above60
2018,municip2014,Loppa,941,689,505,1.854140914709518,377,142,199,2,14,2,359,0.5571030640668524,above60
2018,municip2015,Hasvik,1022,556,516,0,368,153,237,0,12,4,406,0,above60
2018,municip2017,Kvalsund,1027,1844,593,0,468,158,346,0,12,5,521,0,above60
2018,municip2018,Måsøy,1231,1136,565,0,415,165,276,1,4,5,451,0.22172949002217296,above60
2018,municip2019,Nordkapp,3239,926,595,0,535,455,769,3,12,16,1255,0.23904382470119523,above60
2018,municip2020,Porsanger,3964,4873,630,0,567,896,1274,12,31,21,2234,0.5371530886302597,above60
2018,municip2021,Karasjok,2701,5453,647,0,573,404,937,1,8,2,1352,0.07396449704142012,above60
2018,municip2022,Lebesby,1349,3459,564,0,440,191,342,0,8,5,546,0,above60
2018,municip2023,Gamvik,1153,1416,507,0,413,191,278,0,10,4,483,0,above60
2018,municip2024,Berlevåg,983,1122,541,0,441,149,221,1,8,9,388,0.25773195876288657,above60
2018,municip2025,Tana,2922,4051,598,0,501,529,1114,10,27,24,1704,0.5868544600938967,above60
2018,municip2027,Nesseby,944,1437,529,0,483,195,370,3,12,4,584,0.5136986301369864,above60
2018,municip2028,Båtsfjord,2263,1435,574,0,552,325,589,8,17,12,951,0.8412197686645636,above60
2018,municip2030,Sør-Varanger,10171,3972,639,0,640,2347,3068,32,172,59,5678,0.5635787249031349,above60
2018,municip5001,Trondheim,193501,342,655,1.1292251526405237,898,31491,38462,7880,3708,3045,84586,9.315962452415294,city
2018,municip5004,Steinkjer,22096,1565,626,0.24470274178299317,736,4292,7357,263,374,257,12543,2.096787052539265,above60
2018,municip5005,Namsos,13078,779,655,0.8514302114225581,723,2456,4400,185,208,318,7567,2.44482621910929,above60
2018,municip5011,Hemne,4225,670,669,0.6984866123399301,638,771,1558,40,50,31,2450,1.6326530612244898,above60
2018,municip5012,Snillfjord,987,508,663,6.682577565632458,559,170,343,32,12,5,562,5.693950177935943,above60
2018,municip5013,Hitra,4648,680,582,0.8316008316008316,562,857,1575,57,34,34,2557,2.229174814235432,above60
2018,municip5014,Frøya,4962,241,640,0.8530343650987082,559,893,1605,60,56,38,2652,2.262443438914027,above60
2018,municip5015,Ørland,5351,73,646,1.5071934231559716,646,1211,1604,64,84,51,3014,2.12342402123424,above60
2018,municip5016,Agdenes,1684,317,603,2.1536252692031588,587,334,608,17,21,11,991,1.715438950554995,above60
2018,municip5017,Bjugn,4864,384,615,1.2906556530717606,591,1087,1660,58,37,35,2877,2.015988877302746,above60
2018,municip5018,Åfjord,3277,955,638,1.0921004732435384,546,643,1247,41,21,19,1971,2.080162354134957,above60
2018,municip5019,Roan,953,375,647,0,433,212,384,0,5,3,604,0,above60
2018,municip5020,Osen,967,387,594,0,462,192,344,2,6,1,545,0.3669724770642202,above60
2018,municip5021,Oppdal,6970,2274,637,0.47897817988291647,668,1346,2357,58,151,61,3973,1.4598540145985401,above60
2018,municip5022,Rennebu,2541,948,595,0.9064885496183206,606,507,937,13,22,10,1489,0.8730691739422431,above60
2018,municip5023,Meldal,3930,613,597,1.5882902522578637,641,950,1402,25,26,35,2438,1.0254306808859721,above60
2018,municip5024,Orkdal,11933,594,668,2.791530601495839,779,2387,4271,386,343,249,7636,5.055002619172342,30to60
2018,municip5025,Røros,5663,1956,609,0,669,1425,1627,14,123,33,3222,0.4345127250155183,above60
2018,municip5026,Holtålen,2028,1210,617,0.9512485136741974,532,393,774,10,28,5,1210,0.8264462809917356,above60
2018,municip5027,Midtre-Gauldal,6225,1861,640,3.1262366442421845,662,1099,2255,75,21,71,3521,2.1300766827605795,30to60
2018,municip5028,Melhus,16424,694,719,5.973159568691335,778,3333,4969,725,109,223,9359,7.746554119029811,below30
2018,municip5029,Skaun,8142,224,801,7.380913672573565,745,1500,2322,477,66,54,4419,10.79429735234216,below30
2018,municip5030,Klæbu,6094,186,756,5.190311418685121,793,1133,1640,431,58,53,3315,13.001508295625943,below30
2018,municip5031,Malvik,13958,168,808,5.416897762987613,813,2418,3368,1023,187,137,7133,14.34179167250806,below30
2018,municip5032,Selbu,4093,1235,659,3.7259615384615383,663,891,1410,34,48,23,2406,1.4131338320864506,above60
2018,municip5033,Tydal,834,1329,655,1.8492176386913228,504,123,300,3,9,4,439,0.683371298405467,above60
2018,municip5034,Meråker,2469,1273,562,1.375921375921376,629,549,750,17,35,13,1364,1.2463343108504399,above60
2018,municip5035,Stjørdal,23964,938,689,4.35610065552971,799,5207,6684,1238,716,429,14274,8.673111951800477,30to60
2018,municip5036,Frosta,2616,76,607,1.1152416356877324,649,533,863,32,32,24,1484,2.1563342318059298,30to60
2018,municip5037,Levanger,20115,646,680,0.9218312052320149,762,3845,6689,293,420,167,11414,2.5670229542666902,above60
2018,municip5038,Verdal,14943,1548,630,0.44955044955044954,750,3118,5911,289,103,198,9619,3.0044703191599957,above60
2018,municip5039,Verran,2473,602,545,0,585,451,810,16,23,6,1306,1.225114854517611,above60
2018,municip5040,Namdalseid,1585,770,604,0,575,283,588,27,9,12,919,2.9379760609358,above60
2018,municip5041,Snåase-Snåsa,2094,2343,626,0,546,357,731,15,20,6,1129,1.328609388839681,above60
2018,municip5042,Lierne,1379,2962,681,0,422,179,580,3,7,4,773,0.38809831824062097,above60
2018,municip5043,Røyrvik,474,1585,623,0,419,70,194,1,5,2,272,0.36764705882352944,above60
2018,municip5044,Namsskogan,902,1417,579,0,436,139,351,1,2,2,495,0.20202020202020202,above60
2018,municip5045,Grong,2400,1136,590,0,581,524,874,20,17,12,1447,1.38217000691085,above60
2018,municip5046,Høylandet,1268,755,646,0,541,211,477,28,8,27,751,3.728362183754993,above60
2018,municip5047,Overhalla,3845,730,753,0.66711140760507,638,565,1404,31,32,30,2062,1.5033947623666344,above60
2018,municip5048,Fosnes,618,544,561,5.617977528089888,486,98,191,4,15,3,311,1.2861736334405145,above60
2018,municip5049,Flatanger,1105,459,645,0,478,164,387,0,6,0,557,0,above60
2018,municip5050,Vikna,4492,319,687,0,612,796,1630,21,20,45,2512,0.8359872611464968,above60
2018,municip5051,Nærøy,5117,1068,634,0.8954501452081317,547,949,1766,24,39,22,2800,0.8571428571428571,above60
2018,municip5052,Leka,582,110,586,0,406,114,187,1,6,4,312,0.32051282051282054,above60
2018,municip5053,Inderøy,6785,366,691,0,676,1188,2452,113,56,46,3855,2.9312581063553824,above60
2018,municip5054,Indre-Fosen,10090,1052,633,4.4868616757560735,629,2092,3203,255,89,76,5715,4.4619422572178475,above60
2018,municip5061,Rindal,2039,632,666,0,603,494,718,10,9,7,1238,0.8077544426494345,above60
