"","Origin.Code","Destination.Code","Dep.Time","Arr.Time","Flight","Airline.Code","Alliance","Origin.Country","Destination.Country","Day.of.Week","Block.Mins","Seats"
"1","AES","BGO",715,800,4139,"SK","Star Alliance","Norway","Norway","Monday",45,181
"6","AES","BGO",1100,1140,4147,"SK","Star Alliance","Norway","Norway","Monday",40,90
"12","AES","BGO",1525,1610,459,"WF","None","Norway","Norway","Monday",45,78
"18","AES","BGO",1535,1615,4173,"SK","Star Alliance","Norway","Norway","Monday",40,90
"24","AES","BGO",2020,2100,4193,"SK","Star Alliance","Norway","Norway","Monday",40,90
"35","AES","OSL",610,705,1311,"SK","Star Alliance","Norway","Norway","Monday",55,181
"38","AES","OSL",655,750,1313,"SK","Star Alliance","Norway","Norway","Monday",55,141
"43","AES","OSL",700,755,401,"DY","Low Cost Carriers","Norway","Norway","Monday",55,186
"50","AES","OSL",910,1005,403,"DY","Low Cost Carriers","Norway","Norway","Monday",55,186
"55","AES","OSL",915,1005,1315,"SK","Star Alliance","Norway","Norway","Monday",50,141
"64","AES","OSL",1425,1520,1321,"SK","Star Alliance","Norway","Norway","Monday",55,90
"72","AES","OSL",1635,1730,413,"DY","Low Cost Carriers","Norway","Norway","Monday",55,186
"78","AES","OSL",1635,1730,1323,"SK","Star Alliance","Norway","Norway","Monday",55,141
"82","AES","OSL",1830,1925,1327,"SK","Star Alliance","Norway","Norway","Monday",55,181
"89","AES","OSL",1920,2015,417,"DY","Low Cost Carriers","Norway","Norway","Monday",55,186
"97","AES","TRD",840,925,4144,"SK","Star Alliance","Norway","Norway","Monday",45,90
"102","AES","TRD",1740,1825,4146,"SK","Star Alliance","Norway","Norway","Monday",45,90
"114","ALF","OSL",1150,1350,321,"DY","Low Cost Carriers","Norway","Norway","Monday",120,186
"119","ALF","OSL",1430,1625,4545,"SK","Star Alliance","Norway","Norway","Monday",115,141
"125","ALF","OSL",2000,2200,327,"DY","Low Cost Carriers","Norway","Norway","Monday",120,186
"136","ALF","TOS",735,810,4409,"SK","Star Alliance","Norway","Norway","Monday",35,181
"202","BDU","OSL",640,830,331,"DY","Low Cost Carriers","Norway","Norway","Monday",110,186
"208","BDU","OSL",1120,1310,333,"DY","Low Cost Carriers","Norway","Norway","Monday",110,186
"215","BDU","OSL",1715,1905,337,"DY","Low Cost Carriers","Norway","Norway","Monday",110,186
"221","BGO","AES",735,820,4144,"SK","Star Alliance","Norway","Norway","Monday",45,90
"227","BGO","AES",1415,1500,458,"WF","None","Norway","Norway","Monday",45,78
"233","BGO","AES",1430,1510,4148,"SK","Star Alliance","Norway","Norway","Monday",40,90
"238","BGO","AES",1640,1720,4146,"SK","Star Alliance","Norway","Norway","Monday",40,90
"244","BGO","AES",2145,2225,4194,"SK","Star Alliance","Norway","Norway","Monday",40,141
"249","BGO","BOO",740,930,612,"WF","None","Norway","Norway","Monday",110,78
"298","BGO","KRS",740,830,583,"WF","None","Norway","Norway","Monday",50,78
"303","BGO","KRS",1215,1305,587,"WF","None","Norway","Norway","Monday",50,78
"309","BGO","KRS",1450,1540,589,"WF","None","Norway","Norway","Monday",50,78
"315","BGO","KRS",1635,1725,591,"WF","None","Norway","Norway","Monday",50,78
"322","BGO","KRS",1750,1840,593,"WF","None","Norway","Norway","Monday",50,78
"328","BGO","KRS",2225,2315,599,"WF","None","Norway","Norway","Monday",50,78
"339","BGO","KSU",1050,1145,568,"WF","None","Norway","Norway","Monday",55,78
"345","BGO","KSU",1505,1600,570,"WF","None","Norway","Norway","Monday",55,78
"351","BGO","KSU",2025,2120,576,"WF","None","Norway","Norway","Monday",55,78
"375","BGO","OSL",610,700,236,"SK","Star Alliance","Norway","Norway","Monday",50,181
"380","BGO","OSL",640,735,601,"DY","Low Cost Carriers","Norway","Norway","Monday",55,186
"385","BGO","OSL",700,750,238,"SK","Star Alliance","Norway","Norway","Monday",50,181
"392","BGO","OSL",725,815,244,"SK","Star Alliance","Norway","Norway","Monday",50,181
"397","BGO","OSL",730,825,605,"DY","Low Cost Carriers","Norway","Norway","Monday",55,186
"402","BGO","OSL",800,855,246,"SK","Star Alliance","Norway","Norway","Monday",55,181
"406","BGO","OSL",800,855,607,"DY","Low Cost Carriers","Norway","Norway","Monday",55,186
"411","BGO","OSL",825,915,248,"SK","Star Alliance","Norway","Norway","Monday",50,141
"417","BGO","OSL",830,925,609,"DY","Low Cost Carriers","Norway","Norway","Monday",55,186
"424","BGO","OSL",920,1010,252,"SK","Star Alliance","Norway","Norway","Monday",50,141
"429","BGO","OSL",920,1015,611,"DY","Low Cost Carriers","Norway","Norway","Monday",55,186
"434","BGO","OSL",1025,1115,260,"SK","Star Alliance","Norway","Norway","Monday",50,141
"442","BGO","OSL",1200,1255,617,"DY","Low Cost Carriers","Norway","Norway","Monday",55,186
"448","BGO","OSL",1210,1300,262,"SK","Star Alliance","Norway","Norway","Monday",50,141
"460","BGO","OSL",1420,1510,268,"SK","Star Alliance","Norway","Norway","Monday",50,181
"461","BGO","OSL",1440,1535,615,"DY","Low Cost Carriers","Norway","Norway","Monday",55,186
"469","BGO","OSL",1500,1555,625,"DY","Low Cost Carriers","Norway","Norway","Monday",55,186
"477","BGO","OSL",1605,1655,274,"SK","Star Alliance","Norway","Norway","Monday",50,141
"483","BGO","OSL",1620,1715,631,"DY","Low Cost Carriers","Norway","Norway","Monday",55,186
"490","BGO","OSL",1645,1735,278,"SK","Star Alliance","Norway","Norway","Monday",50,141
"496","BGO","OSL",1700,1755,633,"DY","Low Cost Carriers","Norway","Norway","Monday",55,186
"509","BGO","OSL",1740,1835,635,"DY","Low Cost Carriers","Norway","Norway","Monday",55,186
"517","BGO","OSL",1815,1905,284,"SK","Star Alliance","Norway","Norway","Monday",50,141
"523","BGO","OSL",1820,1915,641,"DY","Low Cost Carriers","Norway","Norway","Monday",55,186
"528","BGO","OSL",1900,1950,286,"SK","Star Alliance","Norway","Norway","Monday",50,141
"534","BGO","OSL",1930,2025,643,"DY","Low Cost Carriers","Norway","Norway","Monday",55,186
"544","BGO","OSL",2030,2125,653,"DY","Low Cost Carriers","Norway","Norway","Monday",55,186
"552","BGO","OSL",2055,2145,290,"SK","Star Alliance","Norway","Norway","Monday",50,181
"556","BGO","OSL",2110,2205,639,"DY","Low Cost Carriers","Norway","Norway","Monday",55,186
"578","BGO","SVG",700,735,4131,"SK","Star Alliance","Norway","Norway","Monday",35,141
"583","BGO","SVG",700,740,122,"DY","Low Cost Carriers","Norway","Norway","Monday",40,186
"589","BGO","SVG",750,825,4137,"SK","Star Alliance","Norway","Norway","Monday",35,90
"594","BGO","SVG",800,840,124,"DY","Low Cost Carriers","Norway","Norway","Monday",40,186
"598","BGO","SVG",820,855,4139,"SK","Star Alliance","Norway","Norway","Monday",35,181
"603","BGO","SVG",950,1025,4143,"SK","Star Alliance","Norway","Norway","Monday",35,141
"610","BGO","SVG",1255,1330,543,"WF","None","Norway","Norway","Monday",35,78
"615","BGO","SVG",1325,1400,4159,"SK","Star Alliance","Norway","Norway","Monday",35,120
"621","BGO","SVG",1430,1500,569,"WF","None","Norway","Norway","Monday",30,78
"626","BGO","SVG",1435,1510,4167,"SK","Star Alliance","Norway","Norway","Monday",35,181
"632","BGO","SVG",1535,1615,132,"DY","Low Cost Carriers","Norway","Norway","Monday",40,186
"637","BGO","SVG",1540,1615,4163,"SK","Star Alliance","Norway","Norway","Monday",35,141
"643","BGO","SVG",1640,1720,134,"DY","Low Cost Carriers","Norway","Norway","Monday",40,186
"649","BGO","SVG",1645,1720,4169,"SK","Star Alliance","Norway","Norway","Monday",35,120
"655","BGO","SVG",1740,1820,138,"DY","Low Cost Carriers","Norway","Norway","Monday",40,186
"660","BGO","SVG",1745,1820,4175,"SK","Star Alliance","Norway","Norway","Monday",35,141
"667","BGO","SVG",2145,2220,4189,"SK","Star Alliance","Norway","Norway","Monday",35,90
"674","BGO","TOS",800,955,622,"WF","None","Norway","Norway","Monday",115,114
"680","BGO","TOS",1430,1625,626,"WF","None","Norway","Norway","Monday",115,114
"688","BGO","TRD",655,755,4142,"SK","Star Alliance","Norway","Norway","Monday",60,141
"693","BGO","TRD",700,800,164,"DY","Low Cost Carriers","Norway","Norway","Monday",60,186
"698","BGO","TRD",900,1000,4154,"SK","Star Alliance","Norway","Norway","Monday",60,141
"705","BGO","TRD",1225,1325,4164,"SK","Star Alliance","Norway","Norway","Monday",60,141
"712","BGO","TRD",1540,1640,4172,"SK","Star Alliance","Norway","Norway","Monday",60,120
"718","BGO","TRD",1715,1815,170,"DY","Low Cost Carriers","Norway","Norway","Monday",60,186
"725","BGO","TRD",1740,1840,4184,"SK","Star Alliance","Norway","Norway","Monday",60,141
"732","BGO","TRD",2135,2235,4196,"SK","Star Alliance","Norway","Norway","Monday",60,90
"738","BGO","TRF",740,830,405,"WF","None","Norway","Norway","Monday",50,78
"744","BGO","TRF",1255,1345,411,"WF","None","Norway","Norway","Monday",50,78
"750","BGO","TRF",1415,1505,415,"WF","None","Norway","Norway","Monday",50,78
"756","BGO","TRF",1645,1735,421,"WF","None","Norway","Norway","Monday",50,114
"763","BGO","TRF",1935,2025,427,"WF","None","Norway","Norway","Monday",50,78
"769","BGO","TRF",2205,2255,429,"WF","None","Norway","Norway","Monday",50,78
"851","BOO","BGO",1030,1220,613,"WF","None","Norway","Norway","Monday",110,78
"964","BOO","OSL",600,730,4103,"SK","Star Alliance","Norway","Norway","Monday",90,141
"965","BOO","OSL",700,830,341,"DY","Low Cost Carriers","Norway","Norway","Monday",90,186
"970","BOO","OSL",705,835,4105,"SK","Star Alliance","Norway","Norway","Monday",90,181
"976","BOO","OSL",1030,1155,4107,"SK","Star Alliance","Norway","Norway","Monday",85,141
"981","BOO","OSL",1055,1225,345,"DY","Low Cost Carriers","Norway","Norway","Monday",90,186
"989","BOO","OSL",1240,1405,4111,"SK","Star Alliance","Norway","Norway","Monday",85,141
"995","BOO","OSL",1455,1620,4113,"SK","Star Alliance","Norway","Norway","Monday",85,141
"1000","BOO","OSL",1530,1700,347,"DY","Low Cost Carriers","Norway","Norway","Monday",90,186
"1008","BOO","OSL",1730,1855,4117,"SK","Star Alliance","Norway","Norway","Monday",85,141
"1015","BOO","OSL",1920,2045,4123,"SK","Star Alliance","Norway","Norway","Monday",85,141
"1021","BOO","OSL",1945,2115,355,"DY","Low Cost Carriers","Norway","Norway","Monday",90,186
"1027","BOO","OSL",2050,2215,4127,"SK","Star Alliance","Norway","Norway","Monday",85,141
"1120","BOO","TOS",810,900,4552,"SK","Star Alliance","Norway","Norway","Monday",50,120
"1125","BOO","TOS",1020,1110,4556,"SK","Star Alliance","Norway","Norway","Monday",50,120
"1130","BOO","TOS",1225,1315,4558,"SK","Star Alliance","Norway","Norway","Monday",50,141
"1142","BOO","TOS",1825,1915,4572,"SK","Star Alliance","Norway","Norway","Monday",50,120
"1148","BOO","TOS",2025,2115,4576,"SK","Star Alliance","Norway","Norway","Monday",50,120
"1154","BOO","TRD",735,835,4561,"SK","Star Alliance","Norway","Norway","Monday",60,120
"1159","BOO","TRD",1040,1140,4571,"SK","Star Alliance","Norway","Norway","Monday",60,120
"1169","BOO","TRD",1455,1555,4577,"SK","Star Alliance","Norway","Norway","Monday",60,141
"1175","BOO","TRD",1740,1840,4581,"SK","Star Alliance","Norway","Norway","Monday",60,120
"1181","BOO","TRD",2055,2155,4587,"SK","Star Alliance","Norway","Norway","Monday",60,120
"1238","EVE","OSL",630,815,4079,"SK","Star Alliance","Norway","Norway","Monday",105,181
"1243","EVE","OSL",635,820,361,"DY","Low Cost Carriers","Norway","Norway","Monday",105,186
"1250","EVE","OSL",1040,1220,4083,"SK","Star Alliance","Norway","Norway","Monday",100,141
"1257","EVE","OSL",1105,1250,365,"DY","Low Cost Carriers","Norway","Norway","Monday",105,186
"1266","EVE","OSL",1545,1730,367,"DY","Low Cost Carriers","Norway","Norway","Monday",105,186
"1272","EVE","OSL",1755,1935,4095,"SK","Star Alliance","Norway","Norway","Monday",100,181
"1278","EVE","OSL",2005,2150,369,"DY","Low Cost Carriers","Norway","Norway","Monday",105,186
"1296","EVE","TRD",1345,1505,665,"WF","None","Norway","Norway","Monday",80,78
"1416","HAU","OSL",615,705,305,"SK","Star Alliance","Norway","Norway","Monday",50,141
"1420","HAU","OSL",700,755,181,"DY","Low Cost Carriers","Norway","Norway","Monday",55,186
"1425","HAU","OSL",720,810,309,"SK","Star Alliance","Norway","Norway","Monday",50,141
"1432","HAU","OSL",940,1030,311,"SK","Star Alliance","Norway","Norway","Monday",50,141
"1437","HAU","OSL",940,1035,183,"DY","Low Cost Carriers","Norway","Norway","Monday",55,186
"1443","HAU","OSL",1530,1620,315,"SK","Star Alliance","Norway","Norway","Monday",50,141
"1448","HAU","OSL",1755,1850,191,"DY","Low Cost Carriers","Norway","Norway","Monday",55,186
"1454","HAU","OSL",1815,1905,319,"SK","Star Alliance","Norway","Norway","Monday",50,141
"1622","KKN","OSL",1130,1335,4473,"SK","Star Alliance","Norway","Norway","Monday",125,181
"1629","KKN","OSL",1200,1410,311,"DY","Low Cost Carriers","Norway","Norway","Monday",130,186
"1636","KKN","OSL",2030,2235,4479,"SK","Star Alliance","Norway","Norway","Monday",125,141
"1676","KRS","BGO",615,710,582,"WF","None","Norway","Norway","Monday",55,78
"1682","KRS","BGO",1010,1105,586,"WF","None","Norway","Norway","Monday",55,78
"1688","KRS","BGO",1330,1425,588,"WF","None","Norway","Norway","Monday",55,78
"1694","KRS","BGO",1625,1720,592,"WF","None","Norway","Norway","Monday",55,78
"1700","KRS","BGO",1905,2000,594,"WF","None","Norway","Norway","Monday",55,78
"1706","KRS","BGO",2105,2200,598,"WF","None","Norway","Norway","Monday",55,78
"1712","KRS","OSL",620,705,204,"SK","Star Alliance","Norway","Norway","Monday",45,181
"1717","KRS","OSL",700,750,271,"DY","Low Cost Carriers","Norway","Norway","Monday",50,186
"1724","KRS","OSL",715,800,208,"SK","Star Alliance","Norway","Norway","Monday",45,141
"1730","KRS","OSL",850,935,210,"SK","Star Alliance","Norway","Norway","Monday",45,181
"1734","KRS","OSL",945,1035,273,"DY","Low Cost Carriers","Norway","Norway","Monday",50,186
"1745","KRS","OSL",1215,1300,214,"SK","Star Alliance","Norway","Norway","Monday",45,141
"1751","KRS","OSL",1540,1625,216,"SK","Star Alliance","Norway","Norway","Monday",45,181
"1758","KRS","OSL",1800,1850,277,"DY","Low Cost Carriers","Norway","Norway","Monday",50,186
"1763","KRS","OSL",1810,1900,222,"SK","Star Alliance","Norway","Norway","Monday",50,141
"1769","KRS","OSL",2025,2115,279,"DY","Low Cost Carriers","Norway","Norway","Monday",50,186
"1774","KRS","SVG",855,930,470,"WF","None","Norway","Norway","Monday",35,78
"1779","KRS","TRD",630,755,600,"WF","None","Norway","Norway","Monday",85,78
"1784","KRS","TRD",925,1050,602,"WF","None","Norway","Norway","Monday",85,78
"1797","KSU","BGO",600,700,561,"WF","None","Norway","Norway","Monday",60,78
"1803","KSU","BGO",1305,1405,569,"WF","None","Norway","Norway","Monday",60,78
"1809","KSU","BGO",1625,1725,571,"WF","None","Norway","Norway","Monday",60,78
"1820","KSU","OSL",635,730,2302,"SK","Star Alliance","Norway","Norway","Monday",55,141
"1827","KSU","OSL",920,1015,2304,"SK","Star Alliance","Norway","Norway","Monday",55,141
"1831","KSU","OSL",1420,1515,2306,"SK","Star Alliance","Norway","Norway","Monday",55,141
"1837","KSU","OSL",1940,2035,2308,"SK","Star Alliance","Norway","Norway","Monday",55,141
"1919","LYR","OSL",1240,1535,397,"DY","Low Cost Carriers","Norway","Norway","Monday",175,186
"1924","LYR","TOS",1445,1620,4425,"SK","Star Alliance","Norway","Norway","Monday",95,181
"2003","MOL","OSL",645,740,421,"DY","Low Cost Carriers","Norway","Norway","Monday",55,186
"2008","MOL","OSL",645,740,4515,"SK","Star Alliance","Norway","Norway","Monday",55,120
"2016","MOL","OSL",930,1020,4519,"SK","Star Alliance","Norway","Norway","Monday",50,141
"2020","MOL","OSL",945,1040,423,"DY","Low Cost Carriers","Norway","Norway","Monday",55,186
"2029","MOL","OSL",1710,1805,4525,"SK","Star Alliance","Norway","Norway","Monday",55,90
"2034","MOL","OSL",1730,1825,431,"DY","Low Cost Carriers","Norway","Norway","Monday",55,186
"2099","OSL","AES",745,845,402,"DY","Low Cost Carriers","Norway","Norway","Monday",60,186
"2104","OSL","AES",755,850,1314,"SK","Star Alliance","Norway","Norway","Monday",55,141
"2112","OSL","AES",1305,1400,1320,"SK","Star Alliance","Norway","Norway","Monday",55,90
"2121","OSL","AES",1505,1605,410,"DY","Low Cost Carriers","Norway","Norway","Monday",60,186
"2127","OSL","AES",1515,1610,1322,"SK","Star Alliance","Norway","Norway","Monday",55,141
"2131","OSL","AES",1710,1805,1326,"SK","Star Alliance","Norway","Norway","Monday",55,181
"2137","OSL","AES",1755,1855,414,"DY","Low Cost Carriers","Norway","Norway","Monday",60,186
"2145","OSL","AES",1910,2005,1330,"SK","Star Alliance","Norway","Norway","Monday",55,181
"2151","OSL","AES",2100,2200,418,"DY","Low Cost Carriers","Norway","Norway","Monday",60,186
"2162","OSL","ALF",920,1120,320,"DY","Low Cost Carriers","Norway","Norway","Monday",120,186
"2167","OSL","ALF",1205,1400,4546,"SK","Star Alliance","Norway","Norway","Monday",115,141
"2173","OSL","ALF",1730,1930,326,"DY","Low Cost Carriers","Norway","Norway","Monday",120,186
"2179","OSL","BDU",900,1050,330,"DY","Low Cost Carriers","Norway","Norway","Monday",110,186
"2186","OSL","BDU",1445,1635,334,"DY","Low Cost Carriers","Norway","Norway","Monday",110,186
"2192","OSL","BDU",2050,2240,338,"DY","Low Cost Carriers","Norway","Norway","Monday",110,186
"2198","OSL","BGO",700,755,602,"DY","Low Cost Carriers","Norway","Norway","Monday",55,186
"2203","OSL","BGO",705,800,249,"SK","Star Alliance","Norway","Norway","Monday",55,141
"2208","OSL","BGO",800,855,251,"SK","Star Alliance","Norway","Norway","Monday",55,141
"2212","OSL","BGO",800,855,604,"DY","Low Cost Carriers","Norway","Norway","Monday",55,186
"2218","OSL","BGO",855,950,606,"DY","Low Cost Carriers","Norway","Norway","Monday",55,186
"2223","OSL","BGO",910,1000,255,"SK","Star Alliance","Norway","Norway","Monday",50,181
"2231","OSL","BGO",1040,1135,608,"DY","Low Cost Carriers","Norway","Norway","Monday",55,186
"2236","OSL","BGO",1055,1145,257,"SK","Star Alliance","Norway","Norway","Monday",50,141
"2243","OSL","BGO",1250,1340,263,"SK","Star Alliance","Norway","Norway","Monday",50,181
"2249","OSL","BGO",1320,1415,612,"DY","Low Cost Carriers","Norway","Norway","Monday",55,186
"2255","OSL","BGO",1340,1430,267,"SK","Star Alliance","Norway","Norway","Monday",50,141
"2262","OSL","BGO",1450,1540,269,"SK","Star Alliance","Norway","Norway","Monday",50,141
"2268","OSL","BGO",1450,1545,616,"DY","Low Cost Carriers","Norway","Norway","Monday",55,186
"2274","OSL","BGO",1530,1620,271,"SK","Star Alliance","Norway","Norway","Monday",50,141
"2279","OSL","BGO",1540,1635,618,"DY","Low Cost Carriers","Norway","Norway","Monday",55,186
"2285","OSL","BGO",1600,1655,614,"DY","Low Cost Carriers","Norway","Norway","Monday",55,186
"2293","OSL","BGO",1620,1715,620,"DY","Low Cost Carriers","Norway","Norway","Monday",55,186
"2302","OSL","BGO",1700,1750,277,"SK","Star Alliance","Norway","Norway","Monday",50,141
"2307","OSL","BGO",1700,1755,622,"DY","Low Cost Carriers","Norway","Norway","Monday",55,186
"2313","OSL","BGO",1740,1835,624,"DY","Low Cost Carriers","Norway","Norway","Monday",55,186
"2319","OSL","BGO",1745,1835,281,"SK","Star Alliance","Norway","Norway","Monday",50,141
"2328","OSL","BGO",1840,1930,283,"SK","Star Alliance","Norway","Norway","Monday",50,181
"2335","OSL","BGO",1900,1955,632,"DY","Low Cost Carriers","Norway","Norway","Monday",55,186
"2342","OSL","BGO",1940,2030,287,"SK","Star Alliance","Norway","Norway","Monday",50,141
"2348","OSL","BGO",1940,2035,630,"DY","Low Cost Carriers","Norway","Norway","Monday",55,186
"2354","OSL","BGO",2020,2115,634,"DY","Low Cost Carriers","Norway","Norway","Monday",55,186
"2358","OSL","BGO",2025,2115,291,"SK","Star Alliance","Norway","Norway","Monday",50,181
"2372","OSL","BGO",2150,2240,295,"SK","Star Alliance","Norway","Norway","Monday",50,141
"2376","OSL","BGO",2200,2255,638,"DY","Low Cost Carriers","Norway","Norway","Monday",55,186
"2392","OSL","BOO",840,1005,4104,"SK","Star Alliance","Norway","Norway","Monday",85,141
"2397","OSL","BOO",855,1025,340,"DY","Low Cost Carriers","Norway","Norway","Monday",90,186
"2403","OSL","BOO",1045,1210,4106,"SK","Star Alliance","Norway","Norway","Monday",85,141
"2411","OSL","BOO",1305,1430,4112,"SK","Star Alliance","Norway","Norway","Monday",85,141
"2416","OSL","BOO",1320,1450,346,"DY","Low Cost Carriers","Norway","Norway","Monday",90,186
"2424","OSL","BOO",1540,1705,4116,"SK","Star Alliance","Norway","Norway","Monday",85,141
"2430","OSL","BOO",1730,1855,4122,"SK","Star Alliance","Norway","Norway","Monday",85,141
"2436","OSL","BOO",1745,1915,350,"DY","Low Cost Carriers","Norway","Norway","Monday",90,186
"2442","OSL","BOO",1855,2020,4124,"SK","Star Alliance","Norway","Norway","Monday",85,141
"2451","OSL","BOO",2145,2310,4126,"SK","Star Alliance","Norway","Norway","Monday",85,141
"2456","OSL","BOO",2145,2315,356,"DY","Low Cost Carriers","Norway","Norway","Monday",90,186
"2463","OSL","EVE",840,1015,4082,"SK","Star Alliance","Norway","Norway","Monday",95,141
"2469","OSL","EVE",855,1035,360,"DY","Low Cost Carriers","Norway","Norway","Monday",100,186
"2479","OSL","EVE",1320,1500,364,"DY","Low Cost Carriers","Norway","Norway","Monday",100,186
"2485","OSL","EVE",1555,1730,4094,"SK","Star Alliance","Norway","Norway","Monday",95,181
"2491","OSL","EVE",1755,1935,366,"DY","Low Cost Carriers","Norway","Norway","Monday",100,186
"2497","OSL","EVE",2025,2200,4098,"SK","Star Alliance","Norway","Norway","Monday",95,181
"2503","OSL","EVE",2100,2240,368,"DY","Low Cost Carriers","Norway","Norway","Monday",100,186
"2556","OSL","HAU",815,910,308,"SK","Star Alliance","Norway","Norway","Monday",55,141
"2561","OSL","HAU",820,915,182,"DY","Low Cost Carriers","Norway","Norway","Monday",55,186
"2567","OSL","HAU",1410,1505,312,"SK","Star Alliance","Norway","Norway","Monday",55,141
"2572","OSL","HAU",1630,1725,190,"DY","Low Cost Carriers","Norway","Norway","Monday",55,186
"2578","OSL","HAU",1655,1750,316,"SK","Star Alliance","Norway","Norway","Monday",55,141
"2586","OSL","HAU",1940,2035,320,"SK","Star Alliance","Norway","Norway","Monday",55,141
"2592","OSL","HAU",2100,2155,196,"DY","Low Cost Carriers","Norway","Norway","Monday",55,186
"2638","OSL","KKN",855,1100,4472,"SK","Star Alliance","Norway","Norway","Monday",125,181
"2645","OSL","KKN",920,1130,310,"DY","Low Cost Carriers","Norway","Norway","Monday",130,186
"2652","OSL","KKN",1755,2000,4478,"SK","Star Alliance","Norway","Norway","Monday",125,141
"2658","OSL","KRS",740,825,205,"SK","Star Alliance","Norway","Norway","Monday",45,181
"2662","OSL","KRS",830,920,270,"DY","Low Cost Carriers","Norway","Norway","Monday",50,186
"2667","OSL","KRS",930,1015,211,"SK","Star Alliance","Norway","Norway","Monday",45,141
"2673","OSL","KRS",1105,1150,213,"SK","Star Alliance","Norway","Norway","Monday",45,141
"2679","OSL","KRS",1430,1515,215,"SK","Star Alliance","Norway","Norway","Monday",45,181
"2686","OSL","KRS",1640,1730,276,"DY","Low Cost Carriers","Norway","Norway","Monday",50,186
"2691","OSL","KRS",1700,1745,221,"SK","Star Alliance","Norway","Norway","Monday",45,141
"2697","OSL","KRS",1910,2000,278,"DY","Low Cost Carriers","Norway","Norway","Monday",50,186
"2702","OSL","KRS",1950,2035,223,"SK","Star Alliance","Norway","Norway","Monday",45,181
"2709","OSL","KRS",2110,2200,280,"DY","Low Cost Carriers","Norway","Norway","Monday",50,186
"2720","OSL","KSU",800,855,2301,"SK","Star Alliance","Norway","Norway","Monday",55,141
"2724","OSL","KSU",1300,1355,2303,"SK","Star Alliance","Norway","Norway","Monday",55,141
"2730","OSL","KSU",1820,1915,2305,"SK","Star Alliance","Norway","Norway","Monday",55,141
"2737","OSL","KSU",2145,2240,2309,"SK","Star Alliance","Norway","Norway","Monday",55,141
"2746","OSL","LYR",855,1155,396,"DY","Low Cost Carriers","Norway","Norway","Monday",180,186
"2751","OSL","MOL",810,905,4516,"SK","Star Alliance","Norway","Norway","Monday",55,141
"2755","OSL","MOL",820,920,422,"DY","Low Cost Carriers","Norway","Norway","Monday",60,186
"2763","OSL","MOL",1550,1645,4524,"SK","Star Alliance","Norway","Norway","Monday",55,90
"2769","OSL","MOL",1600,1700,430,"DY","Low Cost Carriers","Norway","Norway","Monday",60,186
"2777","OSL","MOL",1950,2045,4528,"SK","Star Alliance","Norway","Norway","Monday",55,141
"2782","OSL","MOL",2150,2250,436,"DY","Low Cost Carriers","Norway","Norway","Monday",60,186
"2866","OSL","SVG",700,750,522,"DY","Low Cost Carriers","Norway","Norway","Monday",50,186
"2870","OSL","SVG",700,755,4007,"SK","Star Alliance","Norway","Norway","Monday",55,141
"2874","OSL","SVG",740,835,4009,"SK","Star Alliance","Norway","Norway","Monday",55,141
"2880","OSL","SVG",755,845,524,"DY","Low Cost Carriers","Norway","Norway","Monday",50,186
"2885","OSL","SVG",815,910,4011,"SK","Star Alliance","Norway","Norway","Monday",55,120
"2891","OSL","SVG",855,945,526,"DY","Low Cost Carriers","Norway","Norway","Monday",50,186
"2895","OSL","SVG",905,1000,4015,"SK","Star Alliance","Norway","Norway","Monday",55,141
"2899","OSL","SVG",955,1045,4017,"SK","Star Alliance","Norway","Norway","Monday",50,141
"2905","OSL","SVG",1050,1140,528,"DY","Low Cost Carriers","Norway","Norway","Monday",50,186
"2911","OSL","SVG",1150,1240,4023,"SK","Star Alliance","Norway","Norway","Monday",50,141
"2919","OSL","SVG",1315,1405,532,"DY","Low Cost Carriers","Norway","Norway","Monday",50,186
"2924","OSL","SVG",1335,1425,4025,"SK","Star Alliance","Norway","Norway","Monday",50,141
"2932","OSL","SVG",1500,1550,536,"DY","Low Cost Carriers","Norway","Norway","Monday",50,186
"2938","OSL","SVG",1510,1600,4031,"SK","Star Alliance","Norway","Norway","Monday",50,141
"2946","OSL","SVG",1600,1650,4035,"SK","Star Alliance","Norway","Norway","Monday",50,141
"2951","OSL","SVG",1615,1710,4039,"SK","Star Alliance","Norway","Norway","Monday",55,181
"2957","OSL","SVG",1620,1710,538,"DY","Low Cost Carriers","Norway","Norway","Monday",50,186
"2963","OSL","SVG",1715,1805,540,"DY","Low Cost Carriers","Norway","Norway","Monday",50,186
"2969","OSL","SVG",1715,1805,4043,"SK","Star Alliance","Norway","Norway","Monday",50,181
"2977","OSL","SVG",1805,1855,4045,"SK","Star Alliance","Norway","Norway","Monday",50,141
"2983","OSL","SVG",1815,1905,544,"DY","Low Cost Carriers","Norway","Norway","Monday",50,186
"2990","OSL","SVG",1915,2005,546,"DY","Low Cost Carriers","Norway","Norway","Monday",50,186
"2996","OSL","SVG",1930,2025,4047,"SK","Star Alliance","Norway","Norway","Monday",55,181
"3004","OSL","SVG",2030,2120,542,"DY","Low Cost Carriers","Norway","Norway","Monday",50,186
"3010","OSL","SVG",2045,2135,4055,"SK","Star Alliance","Norway","Norway","Monday",50,141
"3015","OSL","SVG",2140,2230,548,"DY","Low Cost Carriers","Norway","Norway","Monday",50,186
"3019","OSL","SVG",2145,2235,4051,"SK","Star Alliance","Norway","Norway","Monday",50,141
"3027","OSL","SVG",2230,2320,550,"DY","Low Cost Carriers","Norway","Norway","Monday",50,186
"3036","OSL","TOS",800,950,4406,"SK","Star Alliance","Norway","Norway","Monday",110,181
"3042","OSL","TOS",825,1020,370,"DY","Low Cost Carriers","Norway","Norway","Monday",115,186
"3049","OSL","TOS",955,1145,4414,"SK","Star Alliance","Norway","Norway","Monday",110,181
"3053","OSL","TOS",1025,1215,4412,"SK","Star Alliance","Norway","Norway","Monday",110,141
"3058","OSL","TOS",1130,1320,4416,"SK","Star Alliance","Norway","Norway","Monday",110,181
"3064","OSL","TOS",1235,1430,374,"DY","Low Cost Carriers","Norway","Norway","Monday",115,186
"3071","OSL","TOS",1350,1540,4418,"SK","Star Alliance","Norway","Norway","Monday",110,181
"3076","OSL","TOS",1430,1625,378,"DY","Low Cost Carriers","Norway","Norway","Monday",115,186
"3085","OSL","TOS",1625,1815,4424,"SK","Star Alliance","Norway","Norway","Monday",110,141
"3095","OSL","TOS",1715,1910,382,"DY","Low Cost Carriers","Norway","Norway","Monday",115,186
"3102","OSL","TOS",1835,2025,4432,"SK","Star Alliance","Norway","Norway","Monday",110,181
"3110","OSL","TOS",1945,2140,386,"DY","Low Cost Carriers","Norway","Norway","Monday",115,186
"3116","OSL","TOS",2005,2155,4434,"SK","Star Alliance","Norway","Norway","Monday",110,181
"3123","OSL","TOS",2155,2345,4438,"SK","Star Alliance","Norway","Norway","Monday",110,181
"3125","OSL","TOS",2200,2355,388,"DY","Low Cost Carriers","Norway","Norway","Monday",115,186
"3131","OSL","TRD",640,735,738,"DY","Low Cost Carriers","Norway","Norway","Monday",55,186
"3132","OSL","TRD",700,755,330,"SK","Star Alliance","Norway","Norway","Monday",55,181
"3136","OSL","TRD",710,805,740,"DY","Low Cost Carriers","Norway","Norway","Monday",55,186
"3141","OSL","TRD",800,855,332,"SK","Star Alliance","Norway","Norway","Monday",55,181
"3146","OSL","TRD",800,855,742,"DY","Low Cost Carriers","Norway","Norway","Monday",55,186
"3151","OSL","TRD",855,950,744,"DY","Low Cost Carriers","Norway","Norway","Monday",55,186
"3158","OSL","TRD",910,1005,336,"SK","Star Alliance","Norway","Norway","Monday",55,181
"3164","OSL","TRD",1010,1105,338,"SK","Star Alliance","Norway","Norway","Monday",55,181
"3166","OSL","TRD",1040,1135,748,"DY","Low Cost Carriers","Norway","Norway","Monday",55,186
"3179","OSL","TRD",1240,1335,342,"SK","Star Alliance","Norway","Norway","Monday",55,141
"3185","OSL","TRD",1320,1415,754,"DY","Low Cost Carriers","Norway","Norway","Monday",55,186
"3191","OSL","TRD",1325,1420,344,"SK","Star Alliance","Norway","Norway","Monday",55,181
"3199","OSL","TRD",1440,1535,354,"SK","Star Alliance","Norway","Norway","Monday",55,141
"3208","OSL","TRD",1540,1635,362,"SK","Star Alliance","Norway","Norway","Monday",55,181
"3214","OSL","TRD",1540,1635,758,"DY","Low Cost Carriers","Norway","Norway","Monday",55,186
"3220","OSL","TRD",1620,1715,358,"SK","Star Alliance","Norway","Norway","Monday",55,181
"3225","OSL","TRD",1620,1715,760,"DY","Low Cost Carriers","Norway","Norway","Monday",55,186
"3232","OSL","TRD",1700,1755,364,"SK","Star Alliance","Norway","Norway","Monday",55,181
"3238","OSL","TRD",1700,1755,762,"DY","Low Cost Carriers","Norway","Norway","Monday",55,186
"3249","OSL","TRD",1740,1835,764,"DY","Low Cost Carriers","Norway","Norway","Monday",55,186
"3255","OSL","TRD",1810,1905,366,"SK","Star Alliance","Norway","Norway","Monday",55,141
"3261","OSL","TRD",1820,1915,766,"DY","Low Cost Carriers","Norway","Norway","Monday",55,186
"3270","OSL","TRD",1840,1935,368,"SK","Star Alliance","Norway","Norway","Monday",55,90
"3273","OSL","TRD",1900,1955,768,"DY","Low Cost Carriers","Norway","Norway","Monday",55,186
"3280","OSL","TRD",1940,2030,370,"SK","Star Alliance","Norway","Norway","Monday",50,141
"3287","OSL","TRD",2015,2110,380,"SK","Star Alliance","Norway","Norway","Monday",55,181
"3293","OSL","TRD",2020,2115,770,"DY","Low Cost Carriers","Norway","Norway","Monday",55,186
"3302","OSL","TRD",2145,2240,382,"SK","Star Alliance","Norway","Norway","Monday",55,181
"3308","OSL","TRD",2200,2255,776,"DY","Low Cost Carriers","Norway","Norway","Monday",55,186
"3587","SVG","BGO",640,715,4144,"SK","Star Alliance","Norway","Norway","Monday",35,90
"3589","SVG","BGO",655,730,4152,"SK","Star Alliance","Norway","Norway","Monday",35,181
"3594","SVG","BGO",700,740,121,"DY","Low Cost Carriers","Norway","Norway","Monday",40,186
"3598","SVG","BGO",800,835,4154,"SK","Star Alliance","Norway","Norway","Monday",35,141
"3603","SVG","BGO",800,840,123,"DY","Low Cost Carriers","Norway","Norway","Monday",40,186
"3609","SVG","BGO",920,955,4156,"SK","Star Alliance","Norway","Norway","Monday",35,141
"3614","SVG","BGO",955,1030,568,"WF","None","Norway","Norway","Monday",35,78
"3620","SVG","BGO",1125,1200,4164,"SK","Star Alliance","Norway","Norway","Monday",35,141
"3628","SVG","BGO",1315,1350,544,"WF","None","Norway","Norway","Monday",35,78
"3634","SVG","BGO",1430,1510,127,"DY","Low Cost Carriers","Norway","Norway","Monday",40,186
"3639","SVG","BGO",1440,1515,4172,"SK","Star Alliance","Norway","Norway","Monday",35,120
"3645","SVG","BGO",1535,1610,4176,"SK","Star Alliance","Norway","Norway","Monday",35,120
"3652","SVG","BGO",1640,1715,4184,"SK","Star Alliance","Norway","Norway","Monday",35,141
"3657","SVG","BGO",1640,1720,133,"DY","Low Cost Carriers","Norway","Norway","Monday",40,186
"3662","SVG","BGO",1740,1820,135,"DY","Low Cost Carriers","Norway","Norway","Monday",40,186
"3667","SVG","BGO",1745,1820,4186,"SK","Star Alliance","Norway","Norway","Monday",35,120
"3678","SVG","BGO",2035,2110,4196,"SK","Star Alliance","Norway","Norway","Monday",35,90
"3685","SVG","KRS",1525,1600,471,"WF","None","Norway","Norway","Monday",35,78
"3690","SVG","OSL",610,700,4002,"SK","Star Alliance","Norway","Norway","Monday",50,141
"3695","SVG","OSL",630,720,521,"DY","Low Cost Carriers","Norway","Norway","Monday",50,186
"3700","SVG","OSL",700,755,4004,"SK","Star Alliance","Norway","Norway","Monday",55,141
"3706","SVG","OSL",725,820,4006,"SK","Star Alliance","Norway","Norway","Monday",55,181
"3707","SVG","OSL",730,820,523,"DY","Low Cost Carriers","Norway","Norway","Monday",50,186
"3713","SVG","OSL",740,835,4008,"SK","Star Alliance","Norway","Norway","Monday",55,141
"3719","SVG","OSL",815,905,525,"DY","Low Cost Carriers","Norway","Norway","Monday",50,186
"3723","SVG","OSL",820,910,4010,"SK","Star Alliance","Norway","Norway","Monday",50,141
"3727","SVG","OSL",900,950,527,"DY","Low Cost Carriers","Norway","Norway","Monday",50,186
"3735","SVG","OSL",935,1025,4014,"SK","Star Alliance","Norway","Norway","Monday",50,181
"3741","SVG","OSL",1025,1115,529,"DY","Low Cost Carriers","Norway","Norway","Monday",50,186
"3745","SVG","OSL",1025,1115,4018,"SK","Star Alliance","Norway","Norway","Monday",50,141
"3749","SVG","OSL",1110,1200,4016,"SK","Star Alliance","Norway","Norway","Monday",50,141
"3756","SVG","OSL",1200,1250,531,"DY","Low Cost Carriers","Norway","Norway","Monday",50,186
"3761","SVG","OSL",1305,1355,4022,"SK","Star Alliance","Norway","Norway","Monday",50,141
"3770","SVG","OSL",1450,1540,4024,"SK","Star Alliance","Norway","Norway","Monday",50,141
"3775","SVG","OSL",1500,1550,535,"DY","Low Cost Carriers","Norway","Norway","Monday",50,186
"3780","SVG","OSL",1535,1625,4026,"SK","Star Alliance","Norway","Norway","Monday",50,181
"3789","SVG","OSL",1625,1720,4032,"SK","Star Alliance","Norway","Norway","Monday",55,141
"3794","SVG","OSL",1630,1720,541,"DY","Low Cost Carriers","Norway","Norway","Monday",50,186
"3803","SVG","OSL",1715,1805,4038,"SK","Star Alliance","Norway","Norway","Monday",50,141
"3808","SVG","OSL",1730,1820,543,"DY","Low Cost Carriers","Norway","Norway","Monday",50,186
"3815","SVG","OSL",1830,1920,4042,"SK","Star Alliance","Norway","Norway","Monday",50,181
"3820","SVG","OSL",1840,1930,545,"DY","Low Cost Carriers","Norway","Norway","Monday",50,186
"3827","SVG","OSL",1920,2010,4046,"SK","Star Alliance","Norway","Norway","Monday",50,141
"3833","SVG","OSL",1930,2020,547,"DY","Low Cost Carriers","Norway","Norway","Monday",50,186
"3840","SVG","OSL",2030,2120,549,"DY","Low Cost Carriers","Norway","Norway","Monday",50,186
"3846","SVG","OSL",2050,2140,4048,"SK","Star Alliance","Norway","Norway","Monday",50,181
"3851","SVG","OSL",2150,2240,539,"DY","Low Cost Carriers","Norway","Norway","Monday",50,186
"3857","SVG","TRD",610,720,4480,"SK","Star Alliance","Norway","Norway","Monday",70,181
"3861","SVG","TRD",850,1000,4488,"SK","Star Alliance","Norway","Norway","Monday",70,90
"3866","SVG","TRD",1615,1725,4482,"SK","Star Alliance","Norway","Norway","Monday",70,90
"3872","SVG","TRD",1930,2040,4486,"SK","Star Alliance","Norway","Norway","Monday",70,90
"3876","SVG","TRF",1010,1055,435,"WF","None","Norway","Norway","Monday",45,78
"3881","SVG","TRF",1355,1440,443,"WF","None","Norway","Norway","Monday",45,78
"3886","SVG","TRF",1645,1730,447,"WF","None","Norway","Norway","Monday",45,78
"3892","SVG","TRF",1930,2015,449,"WF","None","Norway","Norway","Monday",45,78
"3965","TOS","ALF",2220,2255,4434,"SK","Star Alliance","Norway","Norway","Monday",35,181
"3982","TOS","BGO",1030,1230,623,"WF","None","Norway","Norway","Monday",120,114
"3989","TOS","BGO",1700,1855,627,"WF","None","Norway","Norway","Monday",115,114
"3997","TOS","BOO",625,715,4561,"SK","Star Alliance","Norway","Norway","Monday",50,120
"4002","TOS","BOO",930,1020,4571,"SK","Star Alliance","Norway","Norway","Monday",50,120
"4012","TOS","BOO",1345,1435,4577,"SK","Star Alliance","Norway","Norway","Monday",50,141
"4019","TOS","BOO",1630,1720,4581,"SK","Star Alliance","Norway","Norway","Monday",50,120
"4025","TOS","BOO",1945,2035,4587,"SK","Star Alliance","Norway","Norway","Monday",50,120
"4132","TOS","LYR",1225,1400,4414,"SK","Star Alliance","Norway","Norway","Monday",95,181
"4136","TOS","OSL",630,825,371,"DY","Low Cost Carriers","Norway","Norway","Monday",115,186
"4141","TOS","OSL",635,830,4403,"SK","Star Alliance","Norway","Norway","Monday",115,181
"4148","TOS","OSL",800,955,373,"DY","Low Cost Carriers","Norway","Norway","Monday",115,186
"4154","TOS","OSL",830,1020,4409,"SK","Star Alliance","Norway","Norway","Monday",110,181
"4161","TOS","OSL",1020,1210,4411,"SK","Star Alliance","Norway","Norway","Monday",110,181
"4168","TOS","OSL",1050,1245,375,"DY","Low Cost Carriers","Norway","Norway","Monday",115,186
"4174","TOS","OSL",1245,1435,4419,"SK","Star Alliance","Norway","Norway","Monday",110,141
"4179","TOS","OSL",1350,1540,4417,"SK","Star Alliance","Norway","Norway","Monday",110,181
"4185","TOS","OSL",1500,1655,381,"DY","Low Cost Carriers","Norway","Norway","Monday",115,186
"4192","TOS","OSL",1610,1800,4423,"SK","Star Alliance","Norway","Norway","Monday",110,181
"4198","TOS","OSL",1700,1855,383,"DY","Low Cost Carriers","Norway","Norway","Monday",115,186
"4203","TOS","OSL",1705,1855,4425,"SK","Star Alliance","Norway","Norway","Monday",110,181
"4210","TOS","OSL",1845,2035,4431,"SK","Star Alliance","Norway","Norway","Monday",110,141
"4219","TOS","OSL",1940,2135,387,"DY","Low Cost Carriers","Norway","Norway","Monday",115,186
"4225","TOS","OSL",2105,2255,4437,"SK","Star Alliance","Norway","Norway","Monday",110,181
"4269","TRD","AES",1000,1040,4147,"SK","Star Alliance","Norway","Norway","Monday",40,90
"4280","TRD","AES",1920,2000,4193,"SK","Star Alliance","Norway","Norway","Monday",40,90
"4286","TRD","BGO",630,730,4137,"SK","Star Alliance","Norway","Norway","Monday",60,90
"4291","TRD","BGO",825,925,165,"DY","Low Cost Carriers","Norway","Norway","Monday",60,186
"4296","TRD","BGO",830,930,4143,"SK","Star Alliance","Norway","Norway","Monday",60,141
"4302","TRD","BGO",1205,1305,4159,"SK","Star Alliance","Norway","Norway","Monday",60,120
"4308","TRD","BGO",1420,1520,4163,"SK","Star Alliance","Norway","Norway","Monday",60,141
"4316","TRD","BGO",1625,1725,4175,"SK","Star Alliance","Norway","Norway","Monday",60,141
"4323","TRD","BGO",1840,1940,171,"DY","Low Cost Carriers","Norway","Norway","Monday",60,186
"4328","TRD","BGO",1905,2005,4187,"SK","Star Alliance","Norway","Norway","Monday",60,141
"4359","TRD","BOO",650,750,4552,"SK","Star Alliance","Norway","Norway","Monday",60,120
"4364","TRD","BOO",905,1000,4556,"SK","Star Alliance","Norway","Norway","Monday",55,120
"4369","TRD","BOO",1110,1205,4558,"SK","Star Alliance","Norway","Norway","Monday",55,141
"4380","TRD","BOO",1710,1805,4572,"SK","Star Alliance","Norway","Norway","Monday",55,120
"4386","TRD","BOO",1910,2005,4576,"SK","Star Alliance","Norway","Norway","Monday",55,120
"4393","TRD","EVE",1155,1315,664,"WF","None","Norway","Norway","Monday",80,78
"4399","TRD","KRS",820,945,601,"WF","None","Norway","Norway","Monday",85,78
"4404","TRD","KRS",1530,1655,603,"WF","None","Norway","Norway","Monday",85,78
"4459","TRD","OSL",610,705,335,"SK","Star Alliance","Norway","Norway","Monday",55,141
"4464","TRD","OSL",635,730,339,"SK","Star Alliance","Norway","Norway","Monday",55,141
"4469","TRD","OSL",640,735,741,"DY","Low Cost Carriers","Norway","Norway","Monday",55,186
"4474","TRD","OSL",700,755,743,"DY","Low Cost Carriers","Norway","Norway","Monday",55,186
"4476","TRD","OSL",715,810,341,"SK","Star Alliance","Norway","Norway","Monday",55,141
"4481","TRD","OSL",730,825,745,"DY","Low Cost Carriers","Norway","Norway","Monday",55,186
"4488","TRD","OSL",750,845,343,"SK","Star Alliance","Norway","Norway","Monday",55,181
"4492","TRD","OSL",800,855,747,"DY","Low Cost Carriers","Norway","Norway","Monday",55,186
"4496","TRD","OSL",820,915,345,"SK","Star Alliance","Norway","Norway","Monday",55,181
"4503","TRD","OSL",830,925,749,"DY","Low Cost Carriers","Norway","Norway","Monday",55,186
"4510","TRD","OSL",920,1015,347,"SK","Star Alliance","Norway","Norway","Monday",55,181
"4515","TRD","OSL",920,1015,751,"DY","Low Cost Carriers","Norway","Norway","Monday",55,186
"4521","TRD","OSL",1030,1125,351,"SK","Star Alliance","Norway","Norway","Monday",55,181
"4528","TRD","OSL",1200,1255,757,"DY","Low Cost Carriers","Norway","Norway","Monday",55,186
"4540","TRD","OSL",1400,1455,359,"SK","Star Alliance","Norway","Norway","Monday",55,141
"4546","TRD","OSL",1445,1540,361,"SK","Star Alliance","Norway","Norway","Monday",55,181
"4551","TRD","OSL",1500,1555,761,"DY","Low Cost Carriers","Norway","Norway","Monday",55,186
"4560","TRD","OSL",1600,1655,371,"SK","Star Alliance","Norway","Norway","Monday",55,141
"4566","TRD","OSL",1620,1715,763,"DY","Low Cost Carriers","Norway","Norway","Monday",55,186
"4573","TRD","OSL",1700,1755,375,"SK","Star Alliance","Norway","Norway","Monday",55,181
"4579","TRD","OSL",1700,1755,765,"DY","Low Cost Carriers","Norway","Norway","Monday",55,186
"4585","TRD","OSL",1740,1835,373,"SK","Star Alliance","Norway","Norway","Monday",55,181
"4590","TRD","OSL",1740,1835,769,"DY","Low Cost Carriers","Norway","Norway","Monday",55,186
"4597","TRD","OSL",1820,1915,377,"SK","Star Alliance","Norway","Norway","Monday",55,181
"4603","TRD","OSL",1820,1915,771,"DY","Low Cost Carriers","Norway","Norway","Monday",55,186
"4615","TRD","OSL",1900,1955,773,"DY","Low Cost Carriers","Norway","Norway","Monday",55,186
"4622","TRD","OSL",1930,2025,379,"SK","Star Alliance","Norway","Norway","Monday",55,141
"4631","TRD","OSL",2015,2110,389,"SK","Star Alliance","Norway","Norway","Monday",55,90
"4632","TRD","OSL",2030,2125,777,"DY","Low Cost Carriers","Norway","Norway","Monday",55,186
"4684","TRD","SVG",605,715,4481,"SK","Star Alliance","Norway","Norway","Monday",70,141
"4688","TRD","SVG",715,825,4489,"SK","Star Alliance","Norway","Norway","Monday",70,90
"4693","TRD","SVG",1525,1635,4483,"SK","Star Alliance","Norway","Norway","Monday",70,90
"4699","TRD","SVG",1750,1900,4485,"SK","Star Alliance","Norway","Norway","Monday",70,90
"4706","TRD","TRF",820,925,481,"WF","None","Norway","Norway","Monday",65,114
"4711","TRD","TRF",1350,1455,485,"WF","None","Norway","Norway","Monday",65,114
"4718","TRD","TRF",1940,2045,487,"WF","None","Norway","Norway","Monday",65,114
"4724","TRF","BGO",615,710,402,"WF","None","Norway","Norway","Monday",55,78
"4729","TRF","BGO",700,755,404,"WF","None","Norway","Norway","Monday",55,78
"4735","TRF","BGO",930,1025,406,"WF","None","Norway","Norway","Monday",55,78
"4741","TRF","BGO",1255,1350,414,"WF","None","Norway","Norway","Monday",55,78
"4748","TRF","BGO",1525,1615,418,"WF","None","Norway","Norway","Monday",50,114
"4754","TRF","BGO",1815,1910,424,"WF","None","Norway","Norway","Monday",55,78
"4761","TRF","SVG",630,720,432,"WF","None","Norway","Norway","Monday",50,78
"4766","TRF","SVG",855,945,436,"WF","None","Norway","Norway","Monday",50,78
"4771","TRF","SVG",1410,1500,442,"WF","None","Norway","Norway","Monday",50,78
"4777","TRF","SVG",1530,1620,446,"WF","None","Norway","Norway","Monday",50,78
"4783","TRF","TRD",645,750,480,"WF","None","Norway","Norway","Monday",65,114
"4789","TRF","TRD",955,1100,482,"WF","None","Norway","Norway","Monday",65,114
"4795","TRF","TRD",1805,1910,486,"WF","None","Norway","Norway","Monday",65,114
